tipo,num_pro,ano,id_votacao,resumo,data,hora,objetivo,sessao
PEC,1,2015,1,Aprovada. em primeiro turno. a Emenda Aglutinativa Substitutiva Global nº 1. Sim: 402.; não: 1; total: 403.,22/3/2016,76200,EMENDA AGLUTINATIVA Nº 1,5820
PL,10,2015,1,Rejeitado o Requerimento. Sim: 147; não: 201; abstenção: 1; total: 349.,20/8/2015,43320,REQUERIMENTO DE RETIRADA DE PAUTA,5633
PL,1057,2007,1,Aprovada a Subemenda Substitutiva Global de Plenário apresentada ao Projeto de Lei nº 1.057 de 2007. ressalvados os destaques. Sim: 361; não: 84; abstenção: 9; total: 454.,26/8/2015,69240,SUBEMENDA SUBSTITUTIVA GLOBAL,5639
PLP,106,2011,1,Aprovada Emenda Substitutiva Global de Plenário nº 2. Sim: 445; total: 445.,26/8/2015,73860,EMENDA SUBSTITUTIVA GLOBAL Nº 2,5640
REQ,10903,2014,1,Aprovado o Requerimento de Urgência (Art. 155 do RICD). Sim: 270; não: 15; abstenção: 1; total: 286.,9/9/2015,58560,URGÊNCIA PARA APRECIAÇÃO DO PL Nº 1.462/2007,5655
REQ,10906,2014,1,Aprovado o Requerimento de Urgência (Art. 155 do RICD). Sim: 385; não: 3; total: 388.,31/5/2016,78060,URGÊNCIA PARA APRECIAÇÃO DO PL Nº 7922/2014,5894
PEC,11,2015,1,Aprovada. em primeiro turno. a Proposta de Emenda à Constituição nº 11 de 2015. Sim: 448; não: 3; total: 451.,23/2/2016,73260,PROPOSTA DE EMENDA À CONSTITUIÇÃO - PRIMEIRO TURNO,5785
PEC,11,2015,2,Aprovada. em segundo turno. a Proposta de Emenda à Constituição nº 11 de 2015. Sim: 384; não: 26; abstenção: 7; total:  417.,22/3/2016,65340,PROPOSTA DE EMENDA À CONSTITUIÇÃO - SEGUNDO TURNO,5820
REQ,1219,2015,1,Rejeitado o Requerimento de Urgência (Art. 155 do RICD). Sim: 106; não: 311; abstenção: 3; total: 420.,6/10/2015,66180,URGÊNCIA PARA APRECIAÇÃO DO PL Nº 6.726/2013,5686
PLP,124,2015,1,Aprovadas as Emendas de Plenário de nºs 3 e 5. com pareceres pela aprovação. Sim: 338; não: 2; total: 340.,23/9/2015,63720,EMENDAS DE PLENÁRIO DE NºS 3 E 5 COM PARECER FAVORÁVEL,5671
PLP,124,2015,2,Aprovado o Projeto de Lei Complementar nº 124 de 2015. Sim: 355; não: 32; abstenção: 1; total: 388.,23/9/2015,64980,PROJETO DE LEI COMPLEMENTAR,5671
PDC,1287,2013,1,Rejeitado o Requerimento. Sim: 155; não: 198; abstenção: 1; total: 354.,19/3/2015,63060,REQUERIMENTO DE RETIRADA DE PAUTA,5474
PLP,13,2015,1,Aprovado o Projeto de Lei Complementar nº 13 de 2015. Sim: 377; não: 10; total: 387.,16/4/2015,61920,PROJETO DE LEI COMPLEMENTAR,5502
PRC,134,2016,1,Rejeitado o Requerimento de Inversão de Pauta. Sim: 4; Não: 254; Abstenção: 2; Total: 260.,27/4/2016,57120,REQUERIMENTO DE INVERSÃO DE PAUTA PARA O PRC Nº 8/2007,5861
PRC,134,2016,2,Aprovado o Destaque de preferência para a Emenda nº 8. Sim: 216; não: 158; abstenção: 1; total: 375.,27/4/2016,62160,DTQ 5 - PSB - PREFERÊNCIA PARA A EMENDA Nº 8,5861
PRC,134,2016,3,Aprovada a Emenda nº 8. Sim: 256; não: 153; abstenção: 2; total: 411. ressalvados os destaques.,27/4/2016,64560,EMENDA DE PLENÁRIO Nº 8,5861
PRC,134,2016,4,Rejeitada a Emenda nº 6 ao Projeto de Resolução nº 134 de 2016. Sim: 189; Não: 221; Total: 410.,27/4/2016,66840,DTQ 1 - PCdoB - EMENDA Nº 6,5862
PLN,14,2016,1,NA,18/10/2016,75960,REQ. DE VOTAÇÃO NOMINAL DO REQ. DE ENCERRAMENTO DA DISCUSSÃO.,6033
PDC,1410,2013,1,NA,5/2/2015,44520,REQUERIMENTO DE RETIRADA DE PAUTA,5438
PLP,163,2015,1,Aprovado o Projeto de Lei Complementar. Sim: 402; abstenções: 2; Total: 404.,8/2/2017,65160,PROJETO DE LEI COMPLEMENTAR,6111
REQ,1681,2015,1,Aprovado o Requerimento de Urgência (Art. 155 do RICD). Sim: 313; não: 132; total: 445.DCD de 01/07/15 PÁG 91 COL 01,30/6/2015,63180,URGÊNCIA PARA APRECIAÇÃO DO PL Nº 1358/2015,5586
PEC,171,1993,1,Rejeitado o Substitutivo adotado pela Comissão Especial à Proposta de Emenda à Constituição nº 171 de 1993. Sim: 303; não: 184; abstenções: 3; total: 490.,30/6/2015,960,SUBSTITUTIVO DA COMISSÃO ESPECIAL,5587
PEC,171,1993,2,Rejeitado o Requerimento. Sim: 159; não: 304; abstenção: 2; total: 465.,1/7/2015,69960,REQUERIMENTO DE RETIRADA DE PAUTA,5589
PEC,171,1993,3,Aprovado o destaque de preferência. Sim: 323; não: 155; abstenção: 1; total: 475.,1/7/2015,76080,REQ. DE PREFERÊNCIA PARA A EMENDA AGLUTINATIVA Nº 16,5589
PEC,171,1993,4,Rejeitado o Requerimento. Sim: 156; não: 299; total: 455.,1/7/2015,79080,REQUERIMENTO DE RETIRADA DE PAUTA,5590
PEC,171,1993,5,Aprovada a Emenda Aglutinativa nº 16. Sim: 323; não: 155; abstenção: 2; total: 480.,1/7/2015,180,EMENDA AGLUTINATIVA Nº 16,5590
PEC,171,1993,6,Rejeitado o Requerimento. Sim: 37; não:419; total: 456.,19/8/2015,70200,REQUERIMENTO DE RETIRADA DE PAUTA,5632
PEC,171,1993,7,Aprovada. em segundo turno. a Proposta de Emenda à Constituição nº 171 de 1993. Sim: 320; não: 152; abstenção:1; total: 473.,19/8/2015,73500,PROPOSTA DE EMENDA À CONSTITUIÇÃO - SEGUNDO TURNO,5632
PEC,172,2012,1,Aprovado. em primeiro turno. o Substitutivo adotado pela Comissão Especial à Proposta de Emenda à Constituição nº 172 de 2012. Sim: 379; não: 49; total: 435.,2/9/2015,77640,SUBSTITUTIVO DA COMISSÃO ESPECIAL,5649
PEC,172,2012,2,Mantido o texto. Sim: 350; não: 71; abstenções: 2; total: 423.,2/9/2015,78660,DTQ. 4 : PCdoB -  §7º DO ART. 167. CONST. DO ART. 1º DO SUBSTITUTIVO,5649
PEC,172,2012,3,Suprimido o texto. Sim: 54; não: 366; abstenções: 4; total: 424.,2/9/2015,79440,DTQ. 3: PT -  §9º DO ART. 167. DA CF. CONST. DO ART. 1º DO SUBSTITUTIVO...,5649
PEC,172,2012,4,Aprovada. em segundo turno. a Proposta de Emenda à Constituição nº 172 de 2012. ressalvados os destaques. Sim: 381; não: 40; abstenções: 7; total: 428.,22/9/2015,71940,PROPOSTA DE EMENDA À CONSTITUIÇÃO - SEGUNDO TURNO,5668
PEC,172,2012,5,Mantido o texto destacado. Sim: 357; não: 89; abstenção: 1; total: 447.,23/9/2015,67320,DTQ 1: PCdoB - § 7º DO ART 167. CONST. DO ART. 1º DO SUBSTITUTIVO,5671
PEC,172,2012,6,NA,23/9/2015,70260,"DTQ 2: PPS - EXP. ""E 198. §5º"" CONST. DO § 7º DO ART. 167 DA CONST. FEDERAL",5671
PLP,177,2012,1,Aprovado o Substitutivo adotado pela Comissão de Finanças e Tributação ao Projeto de Lei Complementar nº 177 de 2012. Sim: 442; não: 22; abstenção: 02; total: 466.,24/2/2015,67380,SUBSTITUTIVO DA CFT,5450
PEC,182,2007,1,Rejeitada a Emenda Aglutinativa nº 4. Sim: 21; não: 402; abstenção: 2; total: 425.,26/5/2015,65940,EMENDA AGLUTINATIVA Nº 4,5544
PEC,182,2007,2,Rejeitada a Emenda Aglutinativa nº 2. Sim: 99; não: 369; abstenção: 2; total: 470.,26/5/2015,69660,EMENDA AGLUTINATIVA Nº 2,5544
PEC,182,2007,3,Rejeitado o artigo 1º do Substitutivo. Sim: 210; não: 267; abstenção: 5; total: 482.,26/5/2015,78540,ART. 1º DO SUBSTITUTIVO,5545
PEC,182,2007,4,Rejeitada a Emenda Aglutinativa nº 22. Sim: 264; não: 207; abstenção: 4; total: 475.,26/5/2015,85980,EMENDA AGLUTINATIVA Nº 22,5545
PEC,182,2007,5,Rejeitada a Emenda Aglutinativa nº 10. Sim: 164; não: 240; abstenção: 66; total: 470.,27/5/2015,69660,EMENDA AGLUTINATIVA Nº 10,5547
PEC,182,2007,6,Rejeitada a Emenda Aglutinativa nº 32. Sim: 56; não: 343; abstenção: 58; total: 457.,27/5/2015,72540,EMENDA AGLUTINATIVA Nº 32,5547
PEC,182,2007,7,Aprovada a Emenda Aglutinativa nº 28. Sim: 330; não: 141; abstenção: 1; total: 472.,27/5/2015,76080,EMENDA AGLUTINATIVA Nº 28,5547
PEC,182,2007,8,Aprovado o art. 3º do Substitutivo oferecido pelo Relator da Comissão Especial. Sim: 452; não: 19; abstenção: 1; total: 472.,27/5/2015,83340,ARTIGO 3º DO SUBSTITUTIVO - FIM DA REELEIÇÃO,5548
PEC,182,2007,9,Rejeitado o requerimento de destaque de preferência. Sim: 38; não: 219; total: 257.,28/5/2015,55740,REQUERIMENTO DE PREFERÊNCIA PARA A EMENDA AGLUTINATIVA Nº 40,5549
PEC,182,2007,10,Rejeitado o artigo destacado. Sim: 206; não: 236; abstenção: 5; total: 447.,28/5/2015,62160,DTQ 18 - PSDB - ART. 1º DA PEC 14/2015,5549
PEC,182,2007,11,Aprovado o artigo 5º do Substitutivo oferecido pelo Relator da Comissão Especial. Sim: 369; não: 39; abstenção: 5; total: 413.,28/5/2015,66540,ARTIGO 5º DO SUBSTITUTIVO,5550
PEC,182,2007,12,Rejeitado o requerimento de destaque de preferência. Sim: 114; não: 268; abstenção: 2; total: 384 (votação nominal anunciada de ofício).,10/6/2015,66060,DTQ 27 - PMDB - PREFERÊNCIA PARA A PEC 444/2014,5562
PEC,182,2007,13,Rejeitado o artigo 8º do Substitutivo. Sim: 134; não: 311; abstenção: 3; total: 448.,10/6/2015,69540,ARTIGO 8º DO SUBSTITUTIVO  - VOTO FACULTATIVO,5562
PEC,182,2007,14,Aprovada a Emenda Aglutinativa nº 48. Sim: 348; não: 110; abstenção: 3; total: 461.,10/6/2015,75480,EMENDA AGLUTINATIVA Nº 48,5562
PEC,182,2007,15,Rejeitada a Emenda Aglutinativa nº 54. Sim: 220; não: 225; abstenção: 3; total: 448.,10/6/2015,81480,EMENDA AGLUTINATIVA Nº 54,5563
PEC,182,2007,16,Aprovada a Emenda Aglutinativa nº 53. Sim: 419; não: 8; abstenção: 4; total: 431.,10/6/2015,82560,EMENDA AGLUTINATIVA Nº 53,5563
PEC,182,2007,17,Aprovada a Emenda nº 1. Sim: 337; não: 73; abstenção: 2; total: 412.,11/6/2015,43200,DTQ 16 -  SOLIDARIEDADE - EMENDA Nº 1,5564
PEC,182,2007,18,Aprovado o art. 10 do Substitutivo oferecido pelo Relator da Comissão Especial. Sim: 363; não: 48; abstenção: 1; total: 412.,11/6/2015,45780,ARTIGO 10º DO SUBSTITUTIVO - LIMITE MÍNIMO DE IDADE,5564
PEC,182,2007,19,Aprovado o art. 7º do Substitutivo oferecido pelo Relator da Comissão Especial. com a alteração proposta em Complementação de Voto. Sim: 386; não: 10; abstenção: 9; total: 405.,11/6/2015,49020,ART. 7º  DO SUBSTITUTIVO - POSSE DO PRESIDENTE E GOVERNADORES,5564
PEC,182,2007,20,Rejeitada a Emenda Aglutinativa nº 57. Sim: 293; não: 101; abstenção: 53; tota: 447.,16/6/2015,68820,EMENDA AGLUTINATIVA Nº 57,5569
PEC,182,2007,21,Aprovada a Emenda Aglutinativa nº 60. Sim: 433; não: 7; abstenção: 2; total: 442.,16/6/2015,72240,EMENDA AGLUTINATIVA Nº 60,5569
PEC,182,2007,22,Rejeitado o art. 14 do Substitutivo oferecido pelo Relator da Comissão Especial. Sim: 157; não: 277; abstenção: 7; total: 441.,16/6/2015,75300,ARTIGO 14 DO SUBSTITUTIVO - FEDERAÇÃO PARTIDÁRIA,5569
PEC,182,2007,23,Rejeitada a Emenda nº 8 apresentada na Comissão Especial. Sim: 60; não: 357; abstenção: 3; total: 420.,16/6/2015,76980,DTQ 3 -  PPS - EMENDA Nº 8,5569
PEC,182,2007,24,Rejeitada Emenda Aglutinativa nº 56. Não: 404; abstenção: 9; total: 413.,16/6/2015,78960,EMENDA AGLUTINATIVA Nº 56,5569
PEC,182,2007,25,Aprovado o texto destacado. Sim: 392; não: 43; abstenção: 15; total: 450.,16/6/2015,80520,DTQ 25 : PR - INCISO III DO § 8º OFERECIDO AO ART. 14 DA CF,5570
PEC,182,2007,26,Aprovada a Emenda Aglutinativa nº 29. Sim: 317; não: 139; abstenção: 6; total: 462.,17/6/2015,72300,EMENDA AGLUTINATIVA Nº 29,5572
PEC,182,2007,27,Rejeitada a Emenda nº 7 apresentada na Comissão Especial. Sim: 89; não: 230; abstenção: 9; total: 328.,17/6/2015,75780,DTQ 30: PSD - EMENDA Nº 7,5572
PEC,182,2007,28,Rejeitada a Emenda Aglutinativa nº 59. Sim: 4; não: 334; abstenção: 2; total: 340.,17/6/2015,77700,EMENDA AGLUTINATIVA Nº 59,5572
PEC,182,2007,29,Aprovada. em segundo turno. a Proposta de Emenda à Constituição nº 182 de 2007. ressalvados os destaques. Sim: 420; não: 30; abstenção: 1; total: 451.,7/7/2015,75960,PROPOSTA DE EMENDA À CONSTITUIÇÃO - SEGUNDO TURNO,5596
PEC,182,2007,30,Rejeitada em globo a admissibilidade dos destaques simples. Sim: 132; não: 274; abstenção: 2; total: 408.,15/7/2015,60600,ADMISSIBILIDADE EM GLOBO DOS DESTAQUES SIMPLES,5607
PEC,182,2007,31,Mantida a expressão destacada. Sim: 410; não: 2; abstenção: 1; total: 413.,15/7/2015,62460,"DTQ  2: DEM - EXP.: ""PRESIDENTE DA REPÚBLICA"" CONST. DO § 5º DO ART 14 DA CF",5607
PEC,182,2007,32,Rejeitado o texto destacado. Sim: 296; não: 154; abstenção: 2; total: 452.,15/7/2015,65340,DTQ  3: PMDB - ARTIGO 3º,5607
PEC,182,2007,33,Rejeitado o texto destacado. Sim: 68; não: 363; abstenção: 2; total: 433.,15/7/2015,68820,DTQ  4: PMDB - ARTIGO 6º,5607
PEC,182,2007,34,Mantido o texto destacado. Sim: 412; não: 16; abstenção: 2; total: 430.,4/8/2015,72420,"DTQ. 12 - PR - ALÍNEA ""D"" DO INCISO VI. PAR 3º. DO ART 14 DA CF/88",5615
PEC,182,2007,35,Mantido o § 5º do art. 17 da Constituição Federal. constante do art. 1º da Proposta de Emenda à Constituição nº 182/2007. Sim: 317; não: 162; abstenção: 1; total: 480.,12/8/2015,77820,§ 5º DO ART. 17 DA C.F.. CONSTANTE DO ART. 1º DA PEC,5625
PEC,197,2012,1,Aprovado. em primeiro turno. o Substitutivo adotado pela Comissão Especial à Proposta de Emenda à Constituição nº 197 de 2012. Sim: 337; não: 03; abstenção: 01; total: 341.,11/11/2014,75000,SUBSTITUTIVO DA COMISSÃO ESPECIAL - PRIMEIRO TURNO,5386
PEC,197,2012,2,Aprovada a Emenda Aglutinativa nº 1. Sim: 325; não: 01; abstenção: 01; total: 327.,11/11/2014,75900,DVS - PSDB - EMENDA AGLUTINATIVA Nº 1,5386
PEC,197,2012,3,NA,17/12/2014,66660,PROPOSTA DE EMENDA À CONSTITUIÇÃO - SEGUNDO TURNO,5426
PLN,2,2016,1,NA,23/8/2016,86280,SUBSTITUTIVO DA CMO,5975
PL,2016,2015,1,Aprovada a Emenda Aglutinativa nº 4. Sim: 362; não: 85; abstenção: 3; total: 450.,12/8/2015,73320,EMENDA AGLUTINATIVA Nº 4,5624
PL,2020,2015,1,Aprovada a Emenda de Plenário nº 1. Sim: 307; não: 120; abstenção: 1; total: 428.,4/8/2015,67380,DTQ 1: PSDB - EMENDA DE PLENÁRIO Nº 1,5614
REQ,2027,2015,1,Rejeitado o Requerimento de Urgência (Art. 155 do RICD). Sim: 192; não: 211; abstenção: 2; total: 405.,10/9/2015,45420,URGÊNCIA PARA APRECIAÇÃO DO PDC Nº 1.408/2013,5657
REQ,2027,2015,2,Aprovado o Requerimento de Urgência (Art. 155 do RICD). Sim: 192; não: 211; abstenção: 2; total: 405.,10/9/2015,45420,URGÊNCIA PARA APRECIAÇÃO DO PDC Nº 1.408/2013,5657
PEC,209,2012,1,Rejeitado o Substitutivo apresentado pela Comissão Especial à Proposta de Emenda à Constituição nº 209 de 2012. Sim: 139; não: 304; abstenções: 03; total: 446.,30/9/2015,72900,SUBSTITUTIVO DA COMISSÃO ESPECIAL - PRIMEIRO TURNO,5680
REQ,2118,2015,1,NA,10/9/2015,47220,URGÊNCIA PARA APRECIAÇÃO DO PL Nº 1.780/2015,5657
PEC,215,2003,1,Aprovado. em primeiro turno. o Substitutivo adotado pela Comissão Especial à Proposta de Emenda à Constituição nº 215 de 2003. Sim: 442; abstenção:1; total: 443.,20/10/2015,77160,SUBSTITUTIVO DA COMISSÃO ESPECIAL - PRIMEIRO TURNO,5701
PEC,215,2003,2,Aprovada. em segundo turno. a Proposta de Emenda à Constituição nº 215 de 2003. Sim: 435; não: 1; total: 436.,3/11/2015,75480,PROPOSTA DE EMENDA À CONSTITUIÇÃO - SEGUNDO TURNO,5715
PL,2211,2007,1,Rejeitado o Requerimento. Sim: 30; não: 328; total: 358.,25/2/2015,74280,REQUERIMENTO DE ADIAMENTO DA VOTAÇÃO POR 2 SESSÕES,5452
PEC,233,2016,1,Aprovada. em primeiro turno. a Proposta de Emenda à Constituição n° 233. de 2016. Sim: 355; abstenção: 1; total: 356.,30/11/2016,62040,PROPOSTA DE EMENDA À CONSTITUIÇÃO - PRIMEIRO TURNO,6076
PEC,233,2016,2,Aprovada. em segundo turno. a Proposta de Emenda à Constituição n° 233. de 2016. Sim: 359; Total: 359.,30/11/2016,65820,PROPOSTA DE EMENDA À CONSTITUIÇÃO - 2º TURNO,6076
PDC,238,2015,1,Rejeitado o Requerimento. Sim: 150; não: 191; abstenção: 2; total: 343.,5/11/2015,44580,REQUERIMENTO DE RETIRADA DE PAUTA,5718
REQ,2409,2015,1,Aprovado o Requerimento de Urgência (Art. 155 do RICD).Sim: 385; não: 30; abstenção: 1; total: 416.,25/8/2015,69360,URGÊNCIA PARA APRECIAÇÃO DO PL Nº 5.230/2013,5637
PEC,241,2016,1,Aprovado o Substitutivo adotado pela Comissão Especial à Proposta de Emenda à Constituição nº 241 de 2016. em primeiro turno. ressalvados os destaques. Sim: 366; Não: 111; Total: 479.,10/10/2016,76200,SUBSTITUTIVO DA COMISSÃO ESPECIAL - PRIMEIRO TURNO,6025
PEC,241,2016,2,Aprovada a Proposta de Emenda à Constituição nº 241de 2016. em segundo turno. ressalvados os destaques. Sim: 359; Não: 116; Abstenções: 2; Total: 477.,25/10/2016,73320,PROPOSTA DE EMENDA À CONSTITUIÇÃO - SEGUNDO TURNO,6043
PEC,241,2016,3,Rejeitado o Requerimento. Sim: 12; Não: 250; Abstenção:1; Total: 263.,10/10/2016,58560,REQUERIMENTO DE RETIRADA DE PAUTA,6024
PEC,241,2016,4,NA,10/10/2016,64740,REQUERIMENTO DE PRORROGAÇÃO DA SESSÃO POR 1 HORA,6024
PEC,241,2016,5,Aprovado o Requerimento. Sim: 288; Não: 10; Total: 298.,10/10/2016,55080,REQ. DE VOTAÇÃO PELO PROCESSO NOMINAL DE TODOS OS REQUERIMENTOS À PEC 241/16,6024
PEC,241,2016,6,Rejeitada a Emenda n° 21. Sim: 84; Não: 281; Abstenção: 1; Total: 366.,10/10/2016,5940,DTQ 3: PT - EMENDA Nº 21,6026
PEC,241,2016,7,Rejeitada a Emenda n° 19. Sim: 103; Não: 303; Total: 406.,10/10/2016,1560,DTQ 4: PT - EMENDA Nº 19,6026
PEC,241,2016,8,Mantido o texto. Sim: 357; Não: 98; Abstenção: 1; Total: 456.,10/10/2016,82140,DTQ 5: PT - ART. 102 DO ADCT CONST NO ART 1º DO SUBST. APRESENTADO A PEC 241/16,6025
PEC,241,2016,9,Mantido o texto. Sim: 353; Não: 17; Abstenção: 2; Total: 372.,10/10/2016,4020,DTQ 7: PSOL - ART. 104  ADCT CONST NO ART 1º DO SUBST. APRESENTADO A PEC 241/16,6026
PEC,241,2016,10,NA,10/10/2016,63360,REQUERIMENTO DE ENCERRAMENTO DA DISCUSSÃO,6024
PEC,241,2016,11,Rejeitado o Requerimento. Sim: 14; Não: 308; Total: 322.,10/10/2016,67980,REQUERIMENTO DE RETIRADA DE PAUTA,6025
PEC,241,2016,12,Prejudicados os Requerimentos de adiamento de votação por 5. 4. 3 e 2 sessões.,10/10/2016,67980,REQUERIMENTO DE RETIRADA DE PAUTA,6025
PEC,241,2016,13,Rejeitada a Emenda n° 15. Sim: 85; Não: 314; Abstenção: 1; Total: 400,10/10/2016,85500,DTQ 12: PCdoB - EMENDA Nº 15,6026
PEC,241,2016,14,Aprovado o Requerimento. Sim: 306; Não; 12; Total: 318.,10/10/2016,74700,REQ. DE VOTAÇÃO  EM GLOBO DA ADMISSIBILIDADE DOS DESTAQUES SIMPLES,6025
PEC,241,2016,15,Rejeitado o Requerimento. Sim: 13; Não: 305; Total: 318.,10/10/2016,70500,REQUERIMENTO DE VOTAÇÃO ARTIGO POR ARTIGO,6025
PEC,241,2016,16,Rejeitada. em globo. a admissibilidade dos destaques simples. Em consequência. ficam prejudicados os referidos destaques (DTQ 9. 10 e 11). Sim: 13; Não: 313; Total: 326.,10/10/2016,75060,VOTAÇÃO EM GLOBO DA ADMISSIBILIDADE DOS DESTAQUES SIMPLES,6025
PEC,241,2016,17,Rejeitada Emenda Aglutinativa n° 5. Sim: 26; Não: 300; Total: 326.,10/10/2016,78960,EMENDA AGLUTINATIVA Nº 5,6025
PEC,241,2016,18,Rejeitada a Emenda Aglutinativa n° 6. Sim: 90; Não: 327; Total: 417.,10/10/2016,80340,EMENDA AGLUTINATIVA Nº 6,6025
PEC,241,2016,19,Rejeitado o Requerimento. Sim: 87; Não: 325; Total: 412.,10/10/2016,84240,REQUERIMENTO DE RETIRADA DE PAUTA,6026
PEC,241,2016,20,Rejeitado o Requerimento. Sim: 13; Não: 246; Total: 259.,25/10/2016,46140,REQUERIMENTO DE RETIRADA DE PAUTA,6042
PEC,241,2016,21,Rejeitado o Requerimento. Sim: 19; Não: 258; Total: 277.,25/10/2016,65940,REQUERIMENTO DE VOTAÇÃO ARTIGO POR ARTIGO,6043
PEC,241,2016,22,Mantido o texto. Sim: 332; Não: 64; Total: 396.,25/10/2016,86340,"DTQ. 1 - PCdoB - EXPR. ""A PARTIR DO DÉCIMO EXERCÍCIO DA VIGÊNCIA DO NOVO...",6044
PEC,241,2016,23,Inadmitidos. em globo. os destaques simples (DTQs 2. 3. 4. 5. 6. 12. 13. 14. 16 e 17). Sim: 27; Não: 320; Total: 347.,25/10/2016,70080,VOTAÇÃO EM GLOBO DA ADMISSIBILIDADE DOS DESTAQUES SIMPLES,6043
PEC,241,2016,24,Mantido o texto. Sim: 340; Não: 25; Total: 365.,25/10/2016,83280,DTQ. 7 - PDT - INCISO IV. DO §6º. DO ART. 102. DO ADCT. ALT. P/ ART. 1º DA PEC,6044
PEC,241,2016,25,Mantido o texto. Sim: 335; Não: 30; Abstenção: 1; Total: 366.,25/10/2016,2400,DTQ. 10 - PT - PARÁGRAFO ÚNICO DO ART. 103 DO ADCT. ALT. PELO ART. 1º DA PEC,6044
PEC,241,2016,26,Mantido o texto. Sim: 332; Não: 29; Abstenção: 1; Total: 362.,25/10/2016,4680,DTQ. 8 - PSOL - ART. 104 DO ADCT. INSERIDO PELO ART. 1º DA PEC,6044
PEC,241,2016,27,Mantido o texto. Sim: 325; Não: 89; Abstenção: 1; Total: 415.,25/10/2016,6480,DTQ. 11 - PT - ART. 105 DO ADCT. ALTERADO PELO ART. 1º DA PEC,6044
PEC,241,2016,28,Aprovado o Requerimento. Sim: 297; Não: 27; Total: 324.,25/10/2016,53760,REQUERIMENTO DE ENCERRAMENTO DA DISCUSSÃO,6042
PEC,241,2016,29,Rejeitado o Requerimento. Sim: 27; Não: 265; Total: 292.,25/10/2016,61440,REQUERIMENTO DE RETIRADA DE PAUTA,6043
PEC,241,2016,30,Aprovado o Requerimento. Sim: 237; Não: 21; Total: 258.,25/10/2016,69180,REQ. DE VOTAÇÃO EM GLOBO DA ADMISSIBILIDADE DOS DESTAQUES SIMPLES,6043
PEC,241,2016,31,Mantido o texto. Sim: 346; Não: 20: Abstenção: 1; Total: 367.,25/10/2016,79140,DTQ. 15 - PT - INC. I DO ART. 102 DO ADCT. CONST. DO ART. 1º DA PEC,6044
PEC,241,2016,32,Rejeitado o Requerimento. Sim: 13; Não: 248; Total: 261.,25/10/2016,64200,REQUERIMENTO DE VOTAÇÃO POR GRUPOS DE ARTIGOS,6043
PEC,241,2016,33,Rejeitado o Requerimento. Sim: 12; Não: 292; Total: 304.,25/10/2016,77040,REQUERIMENTO DE RETIRADA DE PAUTA,6044
PL,2479,2000,1,Rejeitado o Requerimento. Sim: 179; não: 187; total: 366.,20/8/2015,48120,REQUERIMENTO DE PREFERÊNCIA PARA O TEXTO ORIGINAL,5633
PLP,25,2007,1,Aprovada a Emenda Aglutinativa Substitutiva nº 1 apresentada ao Projeto de Lei Complementar nº 25 de 2007. ressalvados os destaques. Sim: 417; não: 2; total: 419.,1/9/2015,74760,EMENDA AGLUTINATIVA Nº 1,5646
PLP,25,2007,2,Suprimido o texto. Sim: 210; não: 171; abstenções: 9; total: 390.,2/9/2015,64380,"DTQ 6: PTB - EXPR.: ""COM PRODUÇÃO ARTESANAL""",5648
PLP,25,2007,3,Aprovada Emenda de Plenário nº 10. Sim: 344; não: 73; abstenções: 3; total: 420.,2/9/2015,66960,EMENDA DE PLENÁRIO Nº 10,5648
PLP,25,2007,4,Mantido o texto. Sim: 389; não: 28; total: 417.,2/9/2015,69180,DTQ 13: PSDB - ART. 9º DA EMENDA AGLUTINATIVA SUBST. GLOBAL DE PLENÁRIO,5648
PL,2505,2000,1,Aprovada a Emenda de Plenário nº 6. Sim: 232; não: 122; abstenção: 2; total: 356.,23/4/2015,49500,DVS PSDB - EMENDA Nº 6,5507
REQ,2507,2015,1,Aprovado o Requerimento de Urgência (Art. 155 do RICD).Sim: 373; não: 34; abstenção: 2; total: 409.,17/9/2015,46500,URGÊNCIA PARA APRECIAÇÃO DO PLP 124/2015,5664
PL,2516,2015,1,Mantido o texto. Sim: 207; Não: 83; Abstenção: 1;Total: 291.,6/12/2016,77580,DTQ. 4 - DEM - §4º DO ART. 47 DO SUBSTITUTIVO,6082
PLP,257,2016,1,Rejeitado o Requerimento. Sim: 99; Não: 222; Total: 321.,9/8/2016,69180,REQUERIMENTO DE RETIRADA DE PAUTA,5959
PLP,257,2016,2,Aprovada a Subemenda Substitutiva Global apresentada pelo Relator da Comissão de Trabalho. de Administração e Serviço Público. ressalvados os destaques. Sim: 282; Não: 140; Abstenção: 2; Total: 424.,9/8/2016,2520,SUBEMENDA SUBSTITUTIVA GLOBAL DA CTASP,5960
PLP,257,2016,3,Mantido o texto. Sim: 305; Não: 58; Abstenções: 2; Total: 365.,30/8/2016,66360,DTQ. 23: PT - INC. III DO § 1º DO ART. 5º DA LEI COMPLEMENTAR Nº 148/2014,5982
PLP,257,2016,4,Mantido o texto. Sim: 307; Não: 50; Total: 357.,30/8/2016,73920,DTQ. 24: PT - INC. III DO ART. 2º DA LEI Nº 9496/1997,5983
PLP,257,2016,5,Rejeitada a Emenda 293. Sim: 111; Não: 246; Abstenção: 4; Total: 361.,10/8/2016,7320,DTQ 25: PDT - EMENDA 293,5961
PLP,257,2016,6,Rejeitado o Requerimento. Sim: 18; Não: 277; Abstenção: 4; Total: 299.,9/8/2016,1020,REQUERIMENTO DE VOTAÇÃO ARTIGO POR ARTIGO,5960
PLP,257,2016,7,Rejeitado o Requerimento. Sim: 38; Não: 267; Abstenção: 2;Total: 307.,9/8/2016,76200,REQUERIMENTO DE RETIRADA DE PAUTA,5960
PLP,257,2016,8,Rejeitado o Requerimento. Sim: 21; Não: 285; Abstenção: 4; Total: 310.,9/8/2016,82560,REQUERIMENTO DE VOTAÇÃO POR GRUPOS DE ARTIGOS,5960
PLP,257,2016,9,Rejeitado o Requerimento. Sim: 23; Não: 270; Abstenção: 1; Total: 294.,10/8/2016,6180,REQUERIMENTO DE RETIRADA DE PAUTA,5961
PLP,257,2016,10,NA,10/8/2016,9000,EMENDA AGLUTINATIVA Nº 2,5961
PLP,257,2016,11,"Prejudicada a verificação de votação por falta de ""quorum"" (obstrução).  Sim: 35; não: 188; abstenção: 2; total: 225.",10/8/2016,47700,REQUERIMENTO DE RETIRADA DE PAUTA,5962
PLP,257,2016,12,Rejeitado o Requerimento. Sim: 26; Não: 237; Abstenção: 1; Total: 264.,30/8/2016,64080,REQUERIMENTO DE RETIRADA DE PAUTA,5982
PLP,257,2016,13,Rejeitado o Requerimento. Sim: 14; Não: 286; Abstenção: 1; Total: 301.,30/8/2016,71580,REQUERIMENTO DE RETIRADA DE PAUTA,5983
PLP,257,2016,14,Rejeitada a Emenda nº 291. Sim: 90; Não: 258; Abstenção: 1; Total: 349.,30/8/2016,78060,DTQ. 22: PT - EMENDA Nº 291,5983
PLP,257,2016,15,Rejeitado o Requerimento. Sim: 14; não: 255; abstenções; 4; total; 273.,20/12/2016,46500,REQUERIMENTO DE RETIRADA DE PAUTA,6102
PLP,257,2016,16,Rejeitado o Requerimento. Sim: 96; não: 160; abstenções: 2; total: 258.,15/12/2016,49740,REQUERIMENTO DE VOTAÇÃO NOMINAL DO REQ. DE RETIRADA DE PAUTA,6097
PLP,257,2016,17,Rejeitados os dispositivos do Substitutivo do Senado Federal ao Projeto de Lei Complementar nº 257-D. de 2016. com pareceres pela rejeição. ressalvados os destaques. Sim: 3; Não: 325; Abstenção: 1; Total: 329.,20/12/2016,59580,DISPOSITIVOS COM PARECER CONTRÁRIO,6103
PLP,257,2016,18,Aprovados os dispositivos do Substitutivo do Senado Federal ao Projeto de Lei Complementar nº 257-D. de 2016. com pareceres pela aprovação. ressalvados os destaques. Sim: 296; Não: 12; Abstenções: 3; Total: 311.,20/12/2016,58020,DISPOSITIVOS COM PARECER FAVORÁVEL,6103
REQ,2727,2015,1,Aprovado o Requerimento de Urgência (Art. 155 do RICD). Sim: 378; não: 45; abstenção: 1; total: 425.,25/8/2015,71340,URGÊNCIA PARA APRECIAÇÃO DO PL Nº 8.170/2014,5637
REQ,2738,2015,1,Aprovado o Requerimento de Urgência (Art. 155 do RICD). Sim: 375; não: 2; Total: 377.,2/9/2015,72360,URGÊNCIA PARA APRECIAÇÃO DO PL Nº 2455/2015,5649
PL,2750,2015,1,Aprovado o Requerimento. Sim: 246; não: 148; abstenção: 1; total: 395.,22/10/2015,45960,REQUERIMENTO DE RETIRADA DE PAUTA,5705
PLP,278,2013,1,Aprovado o Projeto de Lei Complementar nº 278 de 2013. Sim: 353; total: 353.,15/10/2015,49740,PROJETO DE LEI COMPLEMENTAR,5697
PL,2960,2015,1,Aprovado o Requerimento. Sim: 193; não: 175; abstenção: 1; total: 369.,28/10/2015,64260,REQUERIMENTO DE RETIRADA DE PAUTA,5710
PL,2960,2015,2,Rejeitado o Requerimento. Sim: 161; não: 218; abstenção: 2; total: 381.,4/11/2015,67500,REQUERIMENTO DE RETIRADA DE PAUTA,5716
PL,2960,2015,3,Aprovado o Requerimento. Sim: 270; Não: 177; Abstenção: 1; Total: 448.,4/11/2015,74640,REQUERIMENTO DE ENCERRAMENTO DA DISCUSSÃO E DO ENCAMINHAMENTO,5716
PL,2960,2015,4,NA,11/11/2015,61380,REQUERIMENTO DE RETIRADA DE PAUTA,5724
PL,2960,2015,5,Aprovada a Subemenda Substitutiva Global apresentada pelo Relator da Comissão Especial ao Projeto de Lei nº 2.960 de 2015. ressalvados os destaques. Sim: 230; não: 213; abstenção: 7; total: 450.,11/11/2015,72660,SUBEMENDA SUBSTITUTIVA GLOBAL,5725
PL,2960,2015,6,Mantido o texto. Sim: 199; não: 89; abstenção: 5; total: 293.,11/11/2015,80400,DTQ 17: PSB - §2º DO ART. 9º DA SUBEMENDA SUBSTITUTIVA GLOBAL DE PLENÁRIO,5725
PL,2960,2015,7,Aprovada a Emenda de Plenário nº 23. Sim: 351; não: 48; abstenção: 5; total: 404.,11/11/2015,83760,DTQ 13: PSDB - EMENDA DE PLENÁRIO Nº 23,5725
REQ,2965,2015,1,Rejeitado o Requerimento. Sim: 213; Não: 173; Total: 386.,29/3/2016,63900,URGÊNCIA PARA APRECIAÇÃO DO PLP 392/2014,5825
REQ,2971,2015,1,NA,16/9/2015,72780,URGÊNCIA PARA APRECIAÇÃO DO PL Nº 4.059/2012,5662
REQ,2974,2015,1,Aprovado o Requerimento de Urgência. Sim: 277; não: 4; abstenção: 2; total: 283.,28/4/2016,45300,URGÊNCIA PARA APRECIAÇÃO DO PL Nº 2648/2015,5864
PLP,302,2013,1,Aprovado o destaque de preferência. Sim: 190; não: 174; total: 364 (verificação de ofício).,12/3/2015,62760,REQ. DE PREFERÊNCIA P/ VOTAÇÃO DA EMENDA SUBST. DE PLENÁRIO,5467
PLP,302,2013,2,Aprovada a Emenda Substitutiva Global de Plenário nº 38 apresentada ao Projeto de Lei Complementar nº 302 de 2013. ressalvados os destaques. Sim: 319; não: 2; total: 321.,12/3/2015,63540,EMENDA DE PLENÁRIO Nº 38,5467
PLP,302,2013,3,Mantido o texto destacado. Sim: 275; não: 102; total: 377.,17/3/2015,66300,DVS - PSB - § 8º DO ART. 2º,5470
PLP,302,2013,4,Aprovada a Emenda nº 18. Sim: 316; não: 2; total: 318.,17/3/2015,67260,DVS PMDB - EMENDA Nº 18,5470
PLP,302,2013,5,NA,17/3/2015,67560,"DVS PSOL - EXP. ""NO VALOR DE 1 (UM) SAL. MÍNIMO)...",5470
PLP,302,2013,6,NA,17/3/2015,70080,DVS - PSDB - INCISO II DO ART. 34,5470
PLP,302,2013,7,NA,17/3/2015,71040,DVS - PSDB - EMENDA Nº 25,5470
PLP,302,2013,8,NA,17/3/2015,71520,DVS - DEM - ART 32 DA EMENDA SUBSTITUTIVA GLOBAL Nº 38,5470
REQ,3048,2015,1,Rejeitado o Requerimento de Urgência (Art. 155 do RICD). Sim: 226; não: 151; total: 377.,22/9/2015,66420,URGÊNCIA PARA APRECIAÇÃO DO PL Nº 6.401/2009,5668
REQ,3101,2015,1,Aprovado o Requerimento de Urgência (Art. 155 do RICD). Sim: 357; não: 10; total: 367.,29/9/2015,66360,URGÊNCIA PARA APRECIAÇÃO DO PL Nº  2.430/2003,5676
REQ,3117,2015,1,Aprovado o Requerimento de Urgência (Art. 155 do RICD). Sim: 409; não: 05; total: 414.,30/9/2015,68400,URGÊNCIA PARA APRECIAÇÃO DO PL Nº 3.075/2015,5679
PL,3131,2008,1,Aprovada a Subemenda Substitutiva Global ao Projeto de Lei  nº 846 de 2015. apensado. oferecida pelo Relator da Comissão de Constituição e Justiça e de Cidadania. ressalvados os destaques. Sim: 341; não 3; abstenção: 1; total: 345.,26/3/2015,47580,SUBEMENDA SUBSTITUTIVA AS EMENDAS DE PLENÁRIO 1 E 2 E AO PL 846/15,5481
PDC,315,2016,1,Rejeitado o Requerimento. Sim: 5; não: 224; abstenção: 15; total: 244.,25/2/2016,45120,REQUERIMENTO DE RETIRADA DE PAUTA,5789
PDC,315,2016,2,Rejeitado o Requerimento. Sim: 14; não: 226; abstenções: 20; total: 260.,9/3/2016,45720,REQUERIMENTO DE ADIAMENTO DA VOTAÇÃO POR 2 SESSÕES,5803
PDC,315,2016,3,"Adiada a votação por falta de ""quorum"" (Obstrução). Sim: 10; Não: 79; abstenção: 11; Total: 100.",9/3/2016,51720,REQUERIMENTO DE VOTAÇÃO DO PDC PELO PROCESSO NOMINAL,5803
REQ,3232,2015,1,NA,19/10/2016,50100,URGÊNCIA PARA APRECIAÇÃO DO PRC Nº 76/2015,6035
PL,3481,2012,1,Rejeitado o Requerimento.Sim: 85; não: 268; total: 353.,31/3/2015,61020,REQUERIMENTO DE RETIRADA DE PAUTA,5487
PL,3481,2012,2,Aprovado o destaque de preferência. Sim: 240; não: 153; abstenção: 1; total: 394.,31/3/2015,65580,PREFERÊNCIA PARA O SUBSTITUTIVO DA CSPCCO,5487
PEC,352,2013,1,Rejeitado o Requerimento. Sim: 22; não: 246; abstenção: 6; total: 274.,3/2/2015,79440,REQUERIMENTO DE RETIRADA DE PAUTA,5436
PEC,358,2013,1,Aprovado. em primeiro turno. o Substitutivo adotado pela Comissão Especial à Proposta de Emenda à Constituição nº 358 de 2013. ressalvados os destaques. Sim: 384; não: 06; total: 390.,6/5/2014,85620,SUBSTITUTIVO DA COMISSÃO ESPECIAL - PRIMEIRO TURNO,5249
PEC,358,2013,2,Mantido o texto destacado. Sim: 349; não: 59; abstenção: 3; total: 411.,16/12/2014,69720,DVS DEM -  ART. 198 DA CF CONST.ART 1º. § 10 DO ART 166. ART. 1º. 2º. 3º E 4º,5421
PEC,358,2013,3,Mantido o texto. Sim: 354; não: 30; abstenção: 4; total: 388.,16/12/2014,74220,DVS - PCdoB - SUPRIMA-SE O ART. 3º DO SUBSTITUTIVO,5422
PEC,358,2013,4,Aprovada. em segundo turno. a Proposta de Emenda à Constituição nº 358 de 2013. ressalvado o destaque. Sim: 452; não: 18; abstenção: 01; total: 471.,10/2/2015,72420,PROPOSTA DE EMENDA À CONSTITUIÇÃO - 2º TURNO,5444
PEC,358,2013,5,Mantido o artigo destacado. Sim: 427; não: 44; total: 471.,10/2/2015,76260,DVS - PSOL - ART. 2º DA PEC Nº 358/2013 - 2º TURNO,5444
PLP,366,2013,1,Aprovada a Subemenda Substitutiva Global de Plenário. Sim: 293; não: 64; abstenção: 5; total: 362.,10/9/2015,49380,SUBEMENDA SUBSTITUTIVA OFERECIDA PELO RELATOR DA CDEIC,5657
PLP,366,2013,2,Aprovada a Emenda Aglutinativa nº 4. Sim: 340; não: 67; abstenção: 2; total: 409.,16/9/2015,61260,EMENDA AGLUTINATIVA Nº 4,5662
PLP,366,2013,3,Mantido o texto destacado. Sim: 296; não: 110; abstenção: 1; total: 407.,16/9/2015,64080,DTQ 9: PT - INC. II DO § 2º DO ART. 7º DA LEI COMPLEMENTAR Nº 116/2003,5662
PLP,366,2013,4,Suprimido o texto destacado.  Sim: 4; não: 372; abstenção: 4; total: 380.,16/9/2015,65640,DTQ 7: DEM - SUBITEM 25.05 DO ART. 3º DO SUBSTITUTIVO,5662
PLP,366,2013,5,Mantido o texto destacado.Sim: 399; não: 7; abstenção: 3; total: 409.,16/9/2015,67260,DTQ 5: PT - ART. 4º DO SUBSTITUTIVO,5662
PLP,37,2015,1,Aprovado o Projeto de Lei Complementar nº 37 de 2015. Sim: 389; não: 2; total: 391.,24/3/2015,75720,PROJETO DE LEI COMPLEMENTAR,5478
PLP,37,2015,2,NA,30/6/2015,68280,EMENDAS DO SENADO FEDERAL,5586
PL,3771,2012,1,Rejeitado o Requerimento. Sim: 170; não: 242; total: 412.,10/3/2015,65580,REQUERIMENTO DE RETIRADA DE PAUTA,5463
REQ,3879,2016,1,Aprovado o Requerimento de Urgência. Sim: 331; não: 89; total: 420.,4/5/2016,68580,URGÊNCIA PARA APRECIAÇÃO DO PRC Nº 88/2015,5872
PEC,395,2014,1,Aprovada. em primeiro turno. a Proposta de Emenda à Constituição nº 395 de 2014 na forma do Substitutivo adotado pela Comissão Especial. ressalvados os destaques. Sim: 318; não: 129; abstenções:4 ; total: 451.,21/10/2015,76980,SUBSTITUTIVO DA COMISSÃO ESPECIAL - PRIMEIRO TURNO,5704
PEC,395,2014,2,Suprimido o texto. Sim: 10; não: 445; abstenção: 1; total: 456.,17/2/2016,77100,"DTQ 2: DEM - EXPR.: ""E DE MESTRADO PROFISSIONAL"". INCISO IV DO ART. 206 DA CF/88",5779
REQ,3970,2016,1,Aprovado o Requerimento de Urgência (Art. 155 do RICD). Sim: 314; não: 17; abstenção: 4; total: 335.,7/2/2017,64140,URGÊNCIA PARA APRECIAÇÃO DO PL Nº 4.424/2016,6110
PEC,4,2015,1,Rejeitado o Requerimento. Sim: 91; não: 308; abstenções:.2; total: 401.,2/6/2016,6480,DTQ 5: PDT: PREF P/ VOTAÇÃO DA PEC 4/15 AO SUBST. ADOTADO PELA COMISSÃO ESPECIAL,5898
PEC,4,2015,2,Aprovado. em primeiro turno. o Substitutivo adotado pela Comissão Especial à Proposta de Emenda à Constituição nº 4 de 2015. Sim: 334; não: 90; abstenções: 2; total: 426.,2/6/2016,7260,SUBSTITUTIVO DA COMISSÃO ESPECIAL - PRIMEIRO TURNO,5898
PEC,4,2015,3,Mantido o texto. Sim: 327; não: 93; abstenções: 2; total: 422.,2/6/2016,8400,"DTQ 6: PSOL: VOTAÇÃO EM SEPARADO DA EXP. ""ÀS CONTRIBUIÇÕES SOCIAIS. SEM PREJUÍZO",5898
PEC,4,2015,4,Mantido o texto. Sim: 332; não: 90; abstenção: 1; total: 423.,2/6/2016,9660,"DTQ 3: PCdoB: VOTAÇÃO EM SEPARADO DA EXP. ""PRODUZINDO EFEITOS A PARTIR DE 1º....",5898
REQ,4057,2016,1,Aprovado o Requerimento de Urgência (Art. 155 do RICD). Sim: 268; não: 4; abstenção: 3; total: 275.,10/3/2016,40320,URGÊNCIA PARA APRECIAÇÃO DO PL Nº 4073/2015,5805
REQ,4059,2016,1,"Matéria não apreciada por falta de ""quorum"" (obstrução). Sim: 216; não: 5; abstenção: 10; total: 231.",8/3/2016,65460,URGÊNCIA PARA APRECIAÇÃO DO PL Nº 173/2015,5801
REQ,4124,2011,1,"Matéria não apreciada por falta de ""quorum"". Sim: 217; não: 8; abstenção: 6; total: 231.",28/4/2016,47580,URGÊNCIA PARA APRECIAÇÃO DO PL Nº 6.697/2009,5864
REQ,4124,2011,2,Aprovado o Requerimento de Urgência. Sim: 433; não: 8; abstenção: 2; total: 443.,3/5/2016,74580,URGÊNCIA PARA O PL Nº 6.697/2009,5869
PL,4148,2008,1,Aprovado o Requerimento. Sim:  202; Não: 173; abstenção: 3; total: 377.,25/3/2015,64320,REQUERIMENTO DE RETIRADA DE PAUTA,5479
PL,4148,2008,2,Aprovada a Subemenda Substitutiva Global oferecida pelo Relator da Comissão de Desenvolvimento Econômico. Indústria e Comércio ao Projeto de Lei nº 4.148 de 2008. ressalvados os destaques. Sim: 320; não: 135; abstenção: 2; total: 457.,28/4/2015,74460,SUBEMENDA SUBSTITUTIVA DA CDEIC,5513
PL,4238,2012,1,Mantido o texto. Sim: 297; Não: 51; Abstenções: 2; Total: 350.,29/11/2016,74280,DTQ 8: - SOLIDARIEDADE - PARÁG. ÚNICO DO ART. 1º DO SUBSTITUTIVO,6074
PL,4246,2012,1,Mantido o artigo destacado. Sim: 267; não: 72; abstenção: 1; total: 340.,29/4/2014,72840,DVS - PCdoB - ART. 235-C. CONST. DO ART. 6º DO SUBSTITUTIVO,5243
PL,4246,2012,2,NA,11/2/2015,44580,"DVS - PTB/PSDC -  ""ARTS. 16 E 17"". CONST. DA EMENDA Nº 12",5445
REQ,4249,2016,1,Aprovado o Requerimento de Urgência (Art. 155 do RICD). Sim: 312; não: 65; abstenção: 2; total: 379.DCD de 25/11/16 PÁG 51 COL 01.,24/11/2016,42420,URGÊNCIA PARA APRECIAÇÃO DO PL Nº 4850/2016,6069
REQ,4250,2016,1,Aprovado o Requerimento de Urgência (Art. 155 do RICD). Sim: 326; não: 11; abstenção: 4; total: 341.,4/4/2016,73080,URGÊNCIA PARA O PRC Nº 134/2016,5831
REQ,4282,2016,1,Aprovado o Requerimento de Urgência. Sim: 399; não: 20; abstenção: 3; total: 422.,3/5/2016,75300,URGÊNCIA PARA APRECIAÇÃO DO PL Nº 2.646/2015,5869
REQ,4295,2016,1,Aprovado o Requerimento de Urgência (Art. 155 do RICD). Sim: 314; não: 2; total: 316.,31/5/2016,79260,URGÊNCIA PARA APRECIAÇÃO DO PL Nº 2742/2015,5894
REQ,4296,2016,1,Aprovado o Requerimento de Urgência (Art. 155 do RICD). Sim: 321; não: 4; abstenção: 1; total: 326.,31/5/2016,79560,URGÊNCIA PARA APRECIAÇÃO DO PL Nº 2743/2015,5894
REQ,4297,2016,1,Aprovado o Requerimento de Urgência (Art. 155 do RICD). Sim: 317; não: 9; abstenção: 2; total: 328.,31/5/2016,79860,URGÊNCIA PARA APRECIAÇÃO DO PL Nº 4244/2015,5894
PL,4302,1998,1,Rejeitada a supressão do §2º do art. 9º da Lei nº 6.019/74. constante do art. 2º do texto da Câmara dos Deputados. Em consequência. fica restabelecido o texto da Câmara dos Deputados. Sim: 28; não: 275; abstenção: 46; total: 349.,22/3/2017,70140,SUBSTITUTIVO DO SENADO FEDERAL -  EMENDA SUPRESSIVA,6148
PL,4302,1998,2,Rejeitado o Requerimento. Sim: 35; não: 231; abstenção: 5; total: 271.,22/3/2017,66060,REQUERIMENTO DE ADIAMENTO DA VOTAÇÃO POR 1 SESSÃO,6148
PL,4302,1998,3,Rejeitado o Requerimento. Sim: 40; não: 213; abstenção: 4; total: 257.,22/3/2017,60960,REQUERIMENTO DE RETIRADA DE PAUTA,6148
PL,4302,1998,4,Aprovados os dispositivos do Substitutivo do Senado Federal ao Projeto de Lei nº 4.302 de 1998. com parecer pela aprovação. ressalvados os destaques. Sim: 231; não:188; abstenção: 8; total: 427.,22/3/2017,73440,SUBSTITUTIVO DO SENADO FEDERAL,6148
REQ,4310,2016,1,Aprovado o Requerimento de Urgência (Art. 155 do RICD). Sim: 310; não: 12; abstenção: 2; total: 324.,31/5/2016,80100,URGÊNCIA PARA APRECIAÇÃO DO PL Nº 4252/2015,5894
REQ,4311,2016,1,Aprovado o Requerimento de Urgência (Art. 155 do RICD). Sim: 309; não: 11; total: 320.,31/5/2016,80340,URGÊNCIA PARA APRECIAÇÃO DO PL Nº 4253/2015,5894
REQ,4318,2016,1,Aprovado o Requerimento de Urgência (Art. 155 do RICD). Sim: 403; não: 15; abstenção: 2; total: 420.,31/5/2016,82020,URGÊNCIA PARA APRECIAÇÃO DO PL Nº 4254/2015,5894
PL,4330,2004,1,Rejeitado o Requerimento. Sim: 79; não: 196; total: 275.,8/4/2015,61020,REQ. PARA VOTAÇÃO NOMINAL DO REQ. DE RETIRADA DE PAUTA,5493
PL,4330,2004,2,Aprovada a Subemenda Substitutiva Global oferecida pelo Relator da Comissão de Constituição e Justiça e de Cidadania às Emendas de Plenário e ao Projeto de Lei nº 4.330 de 2004. ressalvados os destaques. Sim: 324; não: 137; abstenção: 2; total: 463.,8/4/2015,74940,SUBEMENDA SUBSTITUTIVA,5494
PL,4330,2004,3,Suprimido o texto. Sim: 47; não: 360; abstenção: 4; total: 411.,14/4/2015,63660,"DVS - PSDB - EXPR. ""ÀS EMPRESAS PÚBLICAS. ÀS SOCIED. DE ECONOMIA MISTA...",5499
PL,4330,2004,4,NA,22/4/2015,70020,EMENDA AGLUTINATIVA Nº 15,5505
PL,4330,2004,5,Aprovada a Emenda Aglutinativa nº 18. Sim: 257; não: 38; abstenção: 33; total: 328.,22/4/2015,77340,EMENDA AGLUTINATIVA Nº 18,5506
REQ,4367,2016,1,NA,31/5/2016,80640,PARA APRECIAÇÃO DO PL Nº 2647/2015,5894
REQ,4376,2016,1,Aprovado o Requerimento de Urgência (Art. 155 do RICD). Sim: 320; não: 13; total: 333.,31/5/2016,80940,URGÊNCIA PARA APRECIAÇÃO DO PL Nº 2747/2015,5894
REQ,4411,2016,1,Aprovado o Requerimento. Sim: 322; Não:10; Total: 332.,9/11/2016,76860,URGÊNCIA PARA APRECIAÇÃO DO PL Nº 364/2015,6054
REQ,4412,2016,1,Aprovado o Requerimento de Urgência (Art. 155 do RICD). Sim: 352; não: 16; abstenção: 1; total: 369.,31/5/2016,81180,URGÊNCIA PARA APRECIAÇÃO DO PL Nº 4250/2015,5894
REQ,4413,2016,1,Aprovado o Requerimento de Urgência (Art. 155 do RICD). Sim: 365; não: 11; total: 376.,31/5/2016,81480,URGÊNCIA PARA APRECIAÇÃO DO PL Nº 4251/2015,5894
REQ,4414,2016,1,Aprovado o Requerimento de Urgência (Art. 155 do RICD). Sim: 343; não: 9; abstenção: 3; total: 355.DCD de 01/06/16 PÁG 377 COL 01.,31/5/2016,81900,URGÊNCIA PARA APRECIAÇÃO DO PL Nº 4255/2015,5894
REQ,4415,2016,1,Aprovado. por unanimidade. o Requerimento de Urgência (Art. 155 do RICD).,14/6/2016,71580,URGÊNCIA PARA APRECIAÇÃO DO PL 2431/2011,5911
REQ,4415,2016,2,Aprovado o Requerimento de Urgência (Art. 155 do RICD). Sim: 316; não: 89; abstenção: 5; total: 410.,14/6/2016,71580,URGÊNCIA PARA APRECIAÇÃO DO PL 2431/2011,5911
PEC,443,2009,1,Rejeitado o Requerimento. Sim: 179; não: 278; abstenção: 1; total: 458.,4/8/2015,76980,REQUERIMENTO DE RETIRADA DE PAUTA,5615
PEC,443,2009,2,Aprovado o destaque de preferência. Sim: 267; não: 180; abstenções: 13; total: 460.,5/8/2015,2160,DTQ 20: DEM - PREFERÊNCIA P/ VOTAÇÃO DA EMENDA AGLUTINATIVA Nº 16,5617
PEC,443,2009,3,Rejeitada a Emenda Aglutinativa nº 16. Sim: 247; não: 203; abstenções: 14; total: 464.,5/8/2015,4140,EMENDA AGLUTINATIVA Nº 16,5617
PEC,443,2009,4,Aprovado. em primeiro turno. o Substitutivo adotado pela Comissão Especial à Proposta de Emenda à Constituição nº 443 de 2009. ressalvados os destaques. Sim: 445; não: 16.; abstenções: 6 ; total: 467.,6/8/2015,5940,SUBSTITUTIVO DA COMISSÃO ESPECIAL,5618
PEC,443,2009,5,Rejeitado o texto destacado. Sim: 269; não: 185; abstenção: 18; total: 472.,11/8/2015,72960,DTQ 7: PPS - INC. XXII DO ART. 37 DO ART.1º E DO § 2ºA DO ART. 131 DO ART. 2º,5623
PL,4474,2004,1,NA,24/9/2015,59220,EMENDA SUBSTITUTIVA GLOBAL DE PLENÁRIO Nº 1,5673
PL,4567,2016,1,NA,5/10/2016,75420,PROJETO DE LEI,6019
PL,4567,2016,2,Rejeitado o Requerimento. Sim 9; Não: 253; Total:262.,5/10/2016,69120,REQUERIMENTO DE RETIRADA DE PAUTA,6019
PL,4567,2016,3,Rejeitada a Emenda. Sim: 107; Não: 247; Total: 354.,9/11/2016,74940,DTQ. 8 - PPS - EMENDA Nº 4,6054
PL,4567,2016,4,Rejeitado o Requerimento. Sim: 7; Não: 262; Abstenção: 3; Total: 272.,5/10/2016,56820,REQUERIMENTO DE ADIAMENTO DA VOTAÇÃO POR 2 SESSÕES,6017
PL,4567,2016,5,Rejeitado o Requerimento. Sim: 15; Não: 243; Abstenção: 1; Total: 259.,5/10/2016,63900,REQUERIMENTO DE VOTAÇÃO NOMINAL DO REQ. DE RETIRADA DE PAUTA,6019
PL,4567,2016,6,Rejeitado o Requerimento. Sim: 15; Não: 246; Total: 261.,24/10/2016,73260,REQUERIMENTO DE RETIRADA DE PAUTA,6041
PL,4567,2016,7,Rejeitada a Emenda Aglutinativa nº 1. Sim: 85; Não: 263; Total: 348.,24/10/2016,77760,EMENDA AGLUTINATIVA Nº 1,6041
PL,4567,2016,8,Rejeitada a Emenda Aglutinativa nº 2. Sim: 28; Não: 268; Total: 296.,24/10/2016,79260,EMENDA AGLUTINATIVA Nº 2,6041
PEC,457,2005,1,Aprovado o Requerimento. Sim: 278; não: 59; abstenção: 9; total: 346.,4/3/2015,73980,PREFERÊNCIA PARA VOTAÇÃO DA PEC 457/05 SOBRE O SUBSTITUTIVO,5459
PEC,457,2005,2,Rejeitadas as Emendas de nºs 1 a 11 apresentadas à Proposta de Emenda à Constituição nº 457 de 2005. com parecer pela aprovação. Sim: 18; não: 319; abstenção: 9; total: 346.,4/3/2015,75600,EMENDAS DE 1 A 11 COM PARECER FAVORÁVEL,5459
PEC,457,2005,3,Aprovada. em primeiro turno. a Proposta de Emenda à Constituição nº 457 de 2005. Sim: 318; não: 131; abstenção: 10; total: 459. DCD de 05/03/15. PÁG 234 COL 01.,4/3/2015,76620,PROPOSTA DE EMENDA À CONSTITUIÇÃO - PRIMEIRO TURNO,5459
PEC,457,2005,4,Aprovado o Requerimento. Sim: 380; não: 51; abstenção: 3; total: 434.,5/5/2015,75660,REQUERIMENTO DE ENCERRAMENTO DA DISCUSSÃO,5518
PEC,457,2005,5,Aprovada. em segundo turno. a Proposta de Emenda à Constituição nº 457 de 2005. ressalvado o destaque. Sim: 333; não: 144; abstenção: 10; total: 487.,5/5/2015,81300,PROPOSTA DE EMENDA À CONSTITUIÇÃO - SEGUNDO TURNO,5518
PEC,457,2005,6,Mantido o texto destacado. Sim: 350; não: 125; abstenção: 10; total: 485.,5/5/2015,83580,DVS - PT - ART. 2º,5518
REQ,4600,2016,1,NA,7/6/2016,70380,URGÊNCIA PARA APRECIAÇÃO DO PL Nº 4918/2016,5902
REQ,4601,2016,1,Aprovado o Requerimento. Sim: 276; Não: 101; Total: 377.,8/6/2016,66300,URGÊNCIA PARA APRECIAÇÃO DO PLP  Nº 268/2016,5906
PEC,471,2005,1,NA,15/5/2012,73920,SUBSTITUTIVO DA COMISSÃO ESPECIAL - PRIMEIRO TURNO,4617
PEC,471,2005,2,Aprovado o Requerimento. Sim: 252; não: 105; abstenção: 01; total: 358. *** Passa-se à apreciação da PEC nº 358/2013.,6/5/2014,81060,INVERSÃO DE PAUTA,5249
PEC,471,2005,3,*** Aprovado o requerimento do Dep. Ivan Valente. Líder do PSOL. que solicita preferência para votação da PEC nº 358/2013. item 4 da pauta. sobre a PEC nº 471/2005. item 3. Sim: 252; não: 105; abstenção: 01; total: 358.,6/5/2014,81060,INVERSÃO DE PAUTA,5249
PEC,471,2005,4,Aprovada. em primeiro turno. a Proposta de Emenda à Constituição nº 471 de 2005. Sim: 333; não: 133; abstenções: 6; total: 472.,26/8/2015,77400,PROPOSTA DE EMENDA À CONSTITUIÇÃO - PRIMEIRO TURNO,5640
REQ,4818,2016,1,Rejeitado o Requerimento. Sim: 253; não: 131; abstenção: 2; total: 386.,6/7/2016,71280,URGÊNCIA PARA APRECIAÇÃO DO PLP Nº 257/2016,5935
PL,4850,2016,1,Aprovado o Substitutivo adotado pela Comissão Especial. Sim: 450; Não: 1; Abstenções: 3; Total: 454.,29/11/2016,85620,SUBSTITUTIVO DA COMISSÃO ESPECIAL,6074
PL,4850,2016,2,Aprovada a Emenda n°4. Sim: 313; Não: 132; Abstenções: 5; Total: 450.,30/11/2016,3900,DTQ 1: PDT: EMENDA Nº 4,6075
PL,4850,2016,3,Suprimido o texto. Sim: 14; Não: 326; Total: 340.,30/11/2016,5520,DTQ 3: PSB: DO INCISO III. §3º DO ART. 7º DO SUBSTITUTIVO ADOTADO PELA C.E.,6075
PL,4850,2016,4,Suprimido o texto. Sim: 152; Não: 210; Abstenção: 1; Total: 363.,30/11/2016,9000,DTQ 6: PT: DO §4º DO ART. 33 DO DECRETO-LEI Nº 2848/40. NA REDAÇÃO DADA PELO....,6075
PL,4850,2016,5,Suprimido o texto. Sim: 143; Não: 207; Total: 350.,30/11/2016,13800,DTQ 4: PT: DO ART. 95 DO SUBSTITUTIVO ADOTADO PELA COMISSÃO ESPECIAL,6075
PL,4850,2016,6,Aprovada a Emenda n° 3. Sim: 285; Não: 72; Abstenções: 3; Total: 360.,30/11/2016,14460,DTQ 13: PMDB: EMENDA Nº 3,6075
PL,4850,2016,7,Suprimidos o texto. Sim: 36; Não: 392; Total: 428.,30/11/2016,7140,DTQ 15: PSB: DO TÍTULO III - DO PROGRAMA DE PROTEÇÃO E INCENTIVO A RELATOS...,6075
PL,4850,2016,8,Aprovada a Emenda n° 11. Sim: 301; Não: 107; Total: 408.,30/11/2016,9660,DTQ 16: PT: EMENDA Nº 11,6075
PL,4850,2016,9,Suprimido o texto. Sim: 151; Não: 220; Abstenção:1; Total: 372.,30/11/2016,12240,DTQ 14: PSOL: DO ART. 87 (QUE INTRODUZ O CAPÍTULO 1-A NO TÍTULO I DO LIVRO II...,6075
PL,4850,2016,10,Suprimido o texto. Sim: 76; Não: 280; Total: 356.,30/11/2016,13200,DTQ 17: PP: §§ 7º A 10 DO ART. 17 CONSTANTE DO ART. 94 DO SUBSTITUTIVO ADOTADO..,6075
PL,4850,2016,11,Suprimido o texto. Sim: 35; Não: 322; Total: 357.,30/11/2016,15000,DTQ 18: BLOCO PP: § 6º DO ART. 44-D CONST. DO ART. 97 DO SUBSTITUTIVO ADOTADO...,6075
PL,4850,2016,12,Aprovada a preferência. Sim: 305; Não: 46; Abstenções: 2; Total: 353.,30/11/2016,1500,DTQ 20: SD: PREFERÊNCIA PARA VOTAÇÃO DO DTQ 1. REFERENTE À EMENDA 4 SOBRE...,6075
PL,4850,2016,13,Suprimido o texto. Sim: 97; Não:317; Total: 414.,30/11/2016,8340,"DTQ 22: PR: DO TÍTULO IV (""DA AÇÃO DE EXTINÇÃO DE DOMÍNIO"") DO SUBSTITUTIVO...",6075
PL,4850,2016,14,Suprimido o texto. Sim: 173; Não: 222; Total: 395.,30/11/2016,10740,DTQ 21: BLOCO PP: ART. 85 DO SUBSTITUTIVO ADOTADO PELA COMISSÃO ESPECIAL,6075
PL,4850,2016,15,Suprimido o texto. Sim: 32; Não: 328; Abstenção: 1; Total: 361.,30/11/2016,15300,DTQ 23: PR: DO INCISO IV DO ART. 103 DO SUBST. ADOTADO P/ COMISSÃO ESPECIAL,6075
REQ,4864,2016,1,Aprovado o Requerimento de Urgência (Art. 155 do RICD). Sim: 346; não: 28; total: 374.,6/7/2016,74640,URGÊNCIA PARA APRECIAÇÃO DO PL Nº 5768/2016,5936
REQ,4879,2016,1,Aprovado o Requerimento de Urgência (Art. 155 do RICD). Sim: 335; não: 118; abstenção: 3; total: 456.DCD do dia 13/07/16 PÁG 111 COL 01.,12/7/2016,74160,URGÊNCIA PARA APRECIAÇÃO DO PLP Nº 257/2016,5942
REQ,4880,2016,1,Aprovado o Requerimento de Urgência (Art. 155 do RICD). Sim: 337; não: 105; total: 442.DCD do dia 13/07/16 PÁG 151 COL 01.,12/7/2016,77700,URGÊNCIA PARA APRECIAÇÃO DO PL Nº 4.567/2016,5942
REQ,4881,2016,1,Rejeitado o Requerimento de Urgência (Art. 155 do RICD). Sim: 41; não: 297; abstenção: 1; total: 339.,8/2/2017,59220,URGÊNCIA PARA APRECIAÇÃO DO PL Nº 2.542/2015,6111
REC,49,2015,1,Aprovado o Recurso contra apreciação conclusiva de comissão (art. 58. § 1º c/c art. 132. § 2º. RICD). Sim: 217; não: 105; total: 322.,18/8/2015,64680,CONTRA A APRECIAÇÃO CONCLUSIVA DO PL Nº 8.170/2014,5629
PLN,5,2015,1,NA,2/12/2015,64980,SUBSTITUTIVO DA COMISSÃO MISTA DE ORÇAMENTO,5748
PLN,5,2015,2,NA,2/12/2015,66360,SUBSTITUTIVO DA COMISSÃO MISTA DE ORÇAMENTO,5748
REQ,5022,2016,1,Rejeitado o Requerimento de Urgência (Art. 155 do RICD). Sim: 227; não: 75; abstenções: 2; total: 304.,8/2/2017,60600,URGÊNCIA PARA APRECIAÇÃO DO PRC Nº 159/2016,6111
REQ,5266,2016,1,NA,5/10/2016,48360,URGÊNCIA PARA APRECIAÇÃO DO PL Nº 2617/2015,6017
REQ,5298,2016,1,Aprovado o Requerimento. Sim: 255; Não: 9; Abstenção: 1; Total: 265.,10/10/2016,46800,DISPENSA DE INTERSTÍCIO PARA INCLUIR O SUBST. DA PEC Nº 241/2016 NA O.D,6023
REQ,5468,2016,1,Aprovado o Requerimento de Urgência (Art. 155 do RICD). Sim: 292; não: 46; abstenção: 1; total: 339.,14/3/2017,61920,URGÊNCIA PARA APRECIAÇÃO DO PLP Nº 54/2015,6138
REQ,5472,2016,1,Aprovado o Requerimento de Urgência (Art. 155 do RICD). Sim: 300; não: 16; abstenção: 4; total: 320.,22/11/2016,75120,URGÊNCIA PARA APRECIAÇÃO DO PL Nº 6.427/2016,6065
REQ,5679,2016,1,Aprovado o Requerimento de Urgência (Art. 155 do RICD). Sim: 274; não: 15; abstenção: 1; total: 290.,15/2/2017,60660,URGÊNCIA PARA APRECIAÇÃO DO PL Nº 5.850/2016,6116
PDC,57,2015,1,Aprovado o Substitutivo adotado pela Comissão de Cultura ao Projeto de Decreto Legislativo nº 57 de 2015. Sim: 341; não: 1; total: 342.,20/8/2015,49440,SUBSTITUTIVO DA CCULT,5633
PDC,57,2015,2,Aprovado o Projeto de Decreto Legislativo nº 57 de 2015. Sim: 452;  total: 452.,8/9/2015,75240,PROJETO DE DECRETO LEGISLATIVO - SEGUNDO TURNO,5654
PL,5735,2013,1,Aprovada a Emenda de Plenário nº 75. Sim: 206; não: 163; abstenção: 3; total: 372.,14/7/2015,59400,DTQ 46: PMDB - EMENDA Nº 75,5605
PL,5735,2013,2,Aprovada a Emenda Aglutinativa nº 15. Sim: 194; não: 193; abstenção: 2; total: 389.,14/7/2015,62160,EMENDA AGLUTINATIVA Nº 15,5605
PL,5735,2013,3,Rejeitada Emenda e Plenário nº 9. Sim: 191; não: 231; abstenção: 5; total: 427.,14/7/2015,67080,DTQ 30: PT - EMENDA Nº 9,5605
PL,5735,2013,4,Rejeitada a Emenda Aglutinativa nº 30. Sim: 204; não: 244; abstenção:1; total: 449.,14/7/2015,74100,EMENDA AGLUTINATIVA Nº 30,5605
PL,5735,2013,5,Mantido o texto. Sim: 246; não: 200; abstenção: 01; total: 447.,14/7/2015,76620,DTQ 22: BLOCO PRB - ART. 46 DA LEI Nº 9504/97 CONST. DO ART. 2º DO SUBST.,5606
PL,5735,2013,6,Rejeitada a Emenda de Plenário nº 14. Sim: 149; não: 283; abstenção: 4; total: 436.,14/7/2015,82620,DTQ 9: PCdoB - EMENDA Nº 14,5606
PL,5735,2013,7,Rejeitado o destaque. Sim: 157; não: 290; abstenção: 1; total: 448.,9/9/2015,66900,DTQ. 4: PSDB - CAPUT. DO ART. 9º DA LEI Nº 9504/97. CONST. DO ART. 1º DO SUBST.,5656
PL,5735,2013,8,Rejeitado o destaque. Sim: 180; não: 285; abstenção: 2; total: 467.,9/9/2015,72600,DTQ. 12: PT - ART. 24 DA LEI 9504/97 CONST. DO ART. 1º DO SUBST DO SF,5656
PL,5735,2013,9,Restabelecido o texto da Câmara dos Deputados. Sim: 360; não: 96; abstenção: 1; total: 457.,9/9/2015,76680,DTQ. 18: PSD - ART. 47. §2º. I. DO ART. 1º DO SUBSTITUTIVO DO SF,5656
PL,5735,2013,10,Aprovado o destaque. Sim: 323; não: 115; abstenção: 2; total: 440.,9/9/2015,80460,DTQ. 9: PSB - ART. 22-A DA LEI 9.096/95 CONST. DO ART. 2º DO SUBSTITUTIVO DO S.F,5656
REQ,5829,2017,1,Aprovado o Requerimento. Sim: 258; não: 78; abstenção: 1; total: 337.,15/2/2017,62160,PRORROGAÇÃO DA CPI DA LEI ROUANET,6116
PEC,590,2006,1,Aprovada. em primeiro turno. a Proposta de Emenda à Constituição nº 590 de 2006. Sim: 452; não: 2; total: 454.,10/3/2015,76140,PROPOSTA DE EMENDA À CONSTITUIÇÃO - PRIMEIRO TURNO,5464
PEC,590,2006,2,Aprovada. em segundo turno. a Proposta de Emenda à Constituição nº 590 de 2006. Sim: 441; não: 5; abstenção: 2; total: 448.,24/3/2015,78660,PROPOSTA DE EMENDA À CONSTITUIÇÃO - SEGUNDO TURNO,5478
REQ,6026,2017,1,Aprovado o Requerimento de Urgência (Art. 155 do RICD). Sim: 358; não: 35; abstenção: 5; total: 398.,14/3/2017,67020,URGÊNCIA PARA APRECIAÇÃO DO PL Nº 1.530/2015,6138
REQ,6053,2017,1,Aprovado o Requerimento. Sim: 236; não: 34; abstenção: 5; total: 275.,23/3/2017,39480,PRORROGAÇÃO DO PRAZO DE FUNCIONAMENTO DA CPI - FUNAI E INCRA 2 POR 60 DIAS,6150
PL,6446,2013,1,Aprovado o Projeto de Lei nº 6.446 de 2013. apensado. ressalvados os destaques. Sim: 318; não: 79; abstenção: 1; total: 398.,20/10/2015,65340,PROJETO DE LEI,5700
PL,6446,2013,2,Rejeitada a Emenda de Plenário nº 1. Sim: 206; não: 219; abstenção: 1; total: 426 (votação nominal. de ofício),20/10/2015,69420,DTQ 2: BLOCO PP-PROS - EMENDA DE PLENÁRIO Nº 1,5700
PL,6446,2013,3,Mantida a expressão destacada. Sim: 273; não: 145; abstenção: 1; total: 419.,20/10/2015,70920,"DTQ 6: PSDB - DA EXPR. ""EM JUÍZO...PRÉVIO"" CONST. DO ART. 10 DO PL 6.446/2013",5700
PL,6568,2016,1,Aprovado o Substitutivo ao PL 6568. de 2016. apresentado pelo Relator da Comissão de Segurança Pública e Combate ao Crime Organizado. ressalvados os destaques. Sim: 303; não:124; abstenções: 7; total:  434.,15/2/2017,70140,SUBSTITUTIVO DA CSPCCO,6116
MPV,660,2014,1,Suprimido o texto destacado. Sim: 214; não: 221; abstenção: 4; total: 439.,7/4/2015,69840,DVS - PT - ART. 4º  DA LEI Nº 12.800/2013. CONST. DO ART. 1º  DO PLV,5490
MPV,660,2014,2,Aprovada a Emenda nº 1 do Senado Federal. Sim: 350; não: 103; abstenção: 1; total: 454.,15/4/2015,76020,EMENDA Nº 1 DO SENADO FEDERAL AO PLV Nº 1/2015,5501
MPV,661,2014,1,Aprovado o Recurso. Sim: 209; não: 107; total: 316. Em consequência. os referidos arts. 3º. 4º. 5º e 8º voltam a integrar Projeto de Lei de Conversão nº 2/2015.,9/4/2015,59580,RECURSO AOS ARTS. 3º. 4º. 5º E 8º,5495
MPV,661,2014,2,Aprovada a Emenda nº 60. Sim: 298; não: 95; abstenção:4; total: 397 (votação nominal anunciada. de ofício. pela Presidência).,9/4/2015,64860,DVS - PSDB - EMENDA Nº 60,5495
MPV,661,2014,3,Aprovada a Emenda nº 37. Sim: 198; não: 150; abstenção: 1; total: 349.,9/4/2015,66000,DVS - SOLIDARIEDADE - EMENDA Nº 37,5495
MPV,663,2014,1,Aprovado o Projeto de Lei de Conversão nº 5 de 2015. apresentado à Medida Provisória nº 663 de 2014. ressalvados os destaques. Sim: 299; não: 120; abstenção: 1; total: 420.,12/5/2015,67140,PROJETO DE LEI DE CONVERSÃO,5526
MPV,663,2014,2,Rejeitada a Emenda nº 11. Sim: 149; não: 285; total: 434.,12/5/2015,73260,DVS - DEM - EMENDA Nº 11,5527
MPV,663,2014,3,Aprovada a Emenda nº 25. Sim: 243; não: 199; abstenção: 1; total: 443.,12/5/2015,78480,DVS - PDT - EMENDA Nº 25,5527
MPV,664,2014,1,Aprovado. em apreciação preliminar. o Parecer do Relator. na parte em que manifesta opinião favorável quanto ao atendimento dos pressupostos constitucionais de relevância e urgência e de sua adequação financeira e orçamentária. nos termos do artigo 8º da Resolução nº 01. de 2002-CN. Sim: 278; não: 167; abstenção: 1; total: 446.,13/5/2015,64080,PARECER DA CM PELO ATENDIMENTO DOS PRESSUPOSTOS CONSTITUCIONAIS,5528
MPV,664,2014,2,Aprovado o Projeto de Lei de Conversão nº 4 de 2015. apresentado à Medida Provisória nº 664 de 2014. ressalvados os destaques. Sim: 277; não: 178; abstenção: 01; total: 456.,13/5/2015,69720,PROJETO DE LEI DE CONVERSÃO,5529
MPV,664,2014,3,Rejeitada a Emenda nº 507. Sim: 194; não: 261; abstenção: 4; total: 459.,13/5/2015,73740,DVS - PMDB - EMENDA Nº 507,5529
MPV,664,2014,4,Aprovado o texto destacado. Sim: 232; não: 210; abstenção: 2; total: 444.,13/5/2015,76440,DVS - PTB - §§10. 11 E 12 DA EMENDA Nº 45,5529
MPV,664,2014,5,Mantido o texto destacado. Sim: 294; não: 158; abstenção: 2; total: 454.,13/5/2015,78900,DVS - PPS - §10 DO ART. 29 DA LEI 8.213/1991 CONST. DO ART. 3º DO PLV,5529
MPV,664,2014,6,Suprimido o texto destacado. Sim: 220; não: 229; abstenção: 1; total: 450.,13/5/2015,81240,DVS - PP - ALTERAÇÃO PROMOVIDA PELO ART. 3º  DO PLV,5529
MPV,664,2014,7,Rejeitada a Emenda Aglutinativa nº 5. Sim: 110; não: 226; total: 336.,14/5/2015,52920,EMENDA AGLUTINATIVA Nº 5,5530
MPV,664,2014,8,Mantido o texto. Sim: 244; não: 144; abstenção: 2; total: 390.,14/5/2015,55380,DVS - PSDB - §5º DO ART. 60 DA LEI Nº 8.213/1991 ALT. PELO ART. 3º  DO PLV,5530
MPV,664,2014,9,Mantido o texto. Sim: 267; não: 144; abstenção: 3; total: 414.,14/5/2015,58200,DVS - PCdoB - INC. II E III DO §5º DO ART. 60 DA LEI Nº 8.213/1991,5530
MPV,664,2014,10,Mantido o texto. Sim: 248; não: 143; abstenção: 3; total: 394.,14/5/2015,60180,"DVS - DEM - ART. 77. §2º. INC. V. ALÍNEA ""C"" DA LEI Nº 8.213/1991",5530
MPV,664,2014,11,Mantido o texto. Sim: 221; não: 172; abstenção: 6; total: 399.,14/5/2015,61800,DVS - PSDB - §2ºB DO ART. 77 DA LEI Nº 8.213/1991. CONST. DO ART. 3º DO PLV,5531
MPV,665,2014,1,Rejeitado o Requerimento. Sim: 180; não: 229; total: 409.,6/5/2015,55740,REQUERIMENTO DE RETIRADA DE PAUTA,5519
MPV,665,2014,2,NA,6/5/2015,62640,EFEITO SUSPENSIVO,5520
MPV,665,2014,3,Rejeitado o Requerimento. Sim: 49; não: 304; abstenção: 13; total: 366.,6/5/2015,64620,REQ. DE VOTAÇÃO NOMINAL P/ O REQ. DE ENCERRAMENTO DISCUSSÃO E ENCAMINHAMENTO,5520
MPV,665,2014,4,Rejeitado o Requerimento. Sim: 90; não: 283; abstenção: 8; total: 381.,6/5/2015,70500,REQUERIMENTO DE ADIAMENTO DA VOTAÇÃO POR 2 SESSÕES,5520
MPV,665,2014,5,Aprovado o Projeto de Lei de Conversão nº 3 de 2015 apresentado à Medida Provisória nº 665 de 2014. ressalvados os destaques. Sim: 252; não: 227; abstenção: 1; total: 480.,6/5/2015,77460,PROJETO DE LEI DE CONVERSÃO,5520
MPV,665,2014,6,Mantido o artigo destacado. Sim: 247; não: 220; abstenção: 4; total: 471.,6/5/2015,79380,DVS - SD - ART. 9º DA LEI Nº 7.998/1990. MODIFICADO PELO ART. 1 DO PLV,5520
MPV,665,2014,7,Mantida a expressão destacada. Sim: 234; não: 229; abstenção: 2; total: 465.,6/5/2015,80520,"DVS - PSB - EXPR. ""CONTRATADO POR PRAZO INDETERMINADO""",5520
MPV,665,2014,8,Mantido o texto destacado. Sim: 258; não: 195; abstenção:3; total: 456.,7/5/2015,53460,DVS - DEM - ART. 3º DA LEI 7998/90,5522
MPV,665,2014,9,Rejeitada a Emenda. Sim: 186; não: 251; abstenção:3; total: 440.,7/5/2015,58500,EMENDA AGLUTINATIVA Nº 1,5522
MPV,665,2014,10,Mantido o texto destacado. Sim: 253; não: 186; abstenção:4; total: 443.,7/5/2015,59940,DVS - PSDB - INCISO I DO ART. 3º DA LEI 7998/90,5522
MPV,665,2014,11,Rejeitada a Emenda. Sim: 179; não: 241; abstenção: 2; total: 422;,7/5/2015,61860,DVS - PSDB - EMENDA Nº 208,5523
MPV,665,2014,12,Rejeitada a Emenda. Sim: 155; não: 255; abstenção: 7; total: 417.,7/5/2015,62880,DVS - PSOL - EMENDA Nº 98,5523
MPV,665,2014,13,Rejeitada a Emenda. Sim: 180; não: 241; abstenção: 3; total: 424.,7/5/2015,64080,DVS - PPS - EMENDA Nº 94,5523
MPV,665,2014,14,Mantido o texto destacado. Sim: 223; não: 180; abstenção: 3; total: 406.,7/5/2015,64740,DVS - PMDB - ART. 2º DO PLV,5523
MPV,665,2014,15,Rejeitada a Emenda. Sim: 180; não: 244; abstenção: 2; total: 426.,7/5/2015,65940,DVS - PDT - EMENDA 68,5523
MPV,665,2014,16,Mantido o texto destacado. Sim: 233; não: 184; abstenção:5; total: 422.,7/5/2015,66360,DVS - PSDB - § 8º DO ART. 2º DA LEI 10.779/2003,5523
MPV,668,2015,1,Rejeitado o Recurso. Sim: 157; não: 287 ; abstenção: 1; total: 445.,19/5/2015,71220,RECURSO PARA ADMISSÃO DO ART. 5º,5535
MPV,668,2015,2,Aprovado o Projeto de Lei de Conversão nº 6 de 2015. apresentado à Medida Provisória nº 668 de 2015. ressalvados os destaques. Sim: 323; não: 125; abstenção: 5; total: 453.,19/5/2015,77760,PROJETO DE LEI DE CONVERSÃO,5535
MPV,668,2015,3,Mantido o artigo destacado. Sim: 310; não: 129; abstenção: 1; total: 440.,19/5/2015,79260,DVS - PPS - ART. 1º DO PLV,5535
MPV,668,2015,4,Votação dos §§ 1º e 2º do artigo 8º da Lei 10.865/2004. proposto pelo artigo 1º do Projeto de Lei de Conversão nº 6. objeto do destaque da bancada do DEM.,19/5/2015,79260,DVS - PPS - ART. 1º DO PLV,5535
MPV,668,2015,5,Mantido o texto destacado. Sim: 311; não: 137; abstenção: 1; total: 449.,19/5/2015,80940,DVS - DEM  - §§ 1º E 2º DO ART 8º DA LEI 10.865/2004,5535
MPV,668,2015,6,Mantido o texto destacado.Sim: 230; não: 221; abstenção: 1; total: 452.,19/5/2015,82500,DVS 9 - PSD - § 1º E CONSEQ. SEUS INC. I E II. DO ART 8º DA LEI 10.865/04,5535
MPV,668,2015,7,Mantido o texto destacado.Sim: 307; não: 130; abstenção: 2; total: 439.,19/5/2015,83280,DVS 13 - PSDB - § 1º-A DO ART 15 DA LEI 1.086/04. PROPOSTO PELO ART 1º DO PLV,5535
MPV,668,2015,8,Suprimida a expressão destacada. Sim:1; não: 306; total: 307.,20/5/2015,63540,"DVS 16 PT- EXPR.""OU QUALQUER OUTRA NATUREZA"". INC. II. ART. 22.LEI 8212/91",5537
MPV,668,2015,9,Suprimido o artigo destacado. Sim:109; não: 283; abstenção: 3; total: 395.,20/5/2015,64920,DVS 23 PT - ART. 16 DO PLV,5537
MPV,668,2015,10,Mantido o artigo destacado. Sim: 266; não: 125; total: 391.,20/5/2015,65880,DVS 24 PSDB - ART. 23 DO PLV,5537
MPV,668,2015,11,Suprimido o artigo destacado. Sim:12; não: 289; abstenção: 10; total: 311. **Em decorrência da rejeição da redação proposta pelo artigo 24 do Projeto de Lei de Conversão nº 6 ao artigo 34-A da Lei 13.097/2015. fica sem efeito a cláusula de vigência constante do inciso VI do artigo 35.,20/5/2015,66720,DVS 6 PMDB - ART. 34-A. DA LEI 13.097/15. INCLUÍDO PELO ART. 24 DO PLV,5537
MPV,668,2015,12,Suprimido o artigo destacado. Sim: 123; não: 315; total: 438.,20/5/2015,69960,DVS 19  PT -  ART. 31 DO PLV,5537
MPV,668,2015,13,Suprimido o dispositivo destacado. Sim: 104; não: 325; total: 429.,20/5/2015,70560,DVS 22 PRB - ART. 34. INC. VI DO PLV,5537
MPV,668,2015,14,Aprovada a Redação Final. na parte referente ao art. 3º do Projeto de Lei de Conversão nº 6 (Relator: Dep. Manoel Junior (PMDB-PB)). Sim: 273; não: 184; abstenção: 7; total: 464.,20/5/2015,73740,REDAÇÃO FINAL - ART. 3º,5537
MPV,670,2015,1,Rejeitada a  Emenda nº 88. Sim: 170; não: 271; abstenção: 1; total: 442.,17/6/2015,81120,DTQ. 2  DEM - EMENDA Nº 88,5573
MPV,670,2015,2,Aprovada a Emenda nº 76. Sim: 222; não: 199; abstenção: 2; total: 423.,17/6/2015,82740,DTQ. 3 PPS - EMENDA Nº 76,5573
MPV,670,2015,3,Aprovada a  Emenda nº 16. Sim: 231; não: 143; total: 374.,17/6/2015,84720,DTQ. 5  PSDB - EMENDA Nº 16,5573
MPV,671,2015,1,Mantido o texto. Sim: 373; não: 31; abstenção: 4; total: 408.,7/7/2015,70620,DTQ. 19 - DEM - CAPÍTULO II DO PLV,5595
MPV,672,2015,1,Aprovada a Medida Provisória nº 672 de 2015. ressalvados os destaques. Sim: 287; não: 12; total: 299.,24/6/2015,65460,MEDIDA PROVISÓRIA,5580
MPV,672,2015,2,Aprovada a Emenda Aglutinativa nº 1. Sim: 206. não: 179; abstenção: 4; total: 389.,24/6/2015,67860,EMENDA AGLUTINATIVA Nº 1,5580
MPV,672,2015,3,Rejeitada a  Emenda nº 65. Sim: 119; não: 279; total: 398.,24/6/2015,71460,DTQ 13: PSDB - EMENDA 65,5580
MPV,672,2015,4,Rejeitada a Emenda nº 107. Sim: 156; não: 228; abstenção: 1; total: 385.,24/6/2015,73560,DTQ 9: PSB - EMENDA 107,5581
MPV,672,2015,5,Rejeitada a Emenda nº 48. Sim: 161; não: 236; total: 397.,24/6/2015,75540,DTQ 11: PSDB - EMENDA Nº 48,5581
MPV,672,2015,6,Rejeitada a Emenda nº 16. Sim: 125; não: 237; abstenção: 1; total: 363.,24/6/2015,77040,DTQ 2: PTB - EMENDA 16,5581
MPV,672,2015,7,Rejeitada a  Emenda nº 80. Sim: 81; não: 300; abstenção: 11; total: 392.,24/6/2015,78540,DTQ 8: PPS - EMENDA 80,5581
MPV,675,2015,1,Aprovado o Projeto de Lei de Conversão nº 11 de 2015. adotado pela Comissão Mista à Medida Provisória nº 675 de 2015. ressalvados os destaques. Sim: 277; não: 77;  total: 354.,3/9/2015,45660,PROJETO DE LEI DE CONVERSÃO Nº 11,5650
MPV,676,2015,1,Aprovada a  Emenda nº 65. Sim: 174; não: 166; abstenção: 1; total: 341.,30/9/2015,52860,DTQ 1: PPS - EMENDA Nº 65,5678
MPV,676,2015,2,Aprovada a Emenda nº 168. Sim: 214; não: 199; abstenção: 7; total: 420.,30/9/2015,58200,DTQ 4: PSB - EMENDA Nº 168,5679
MPV,678,2015,1,Aprovado o Requerimento. Sim: 327; não: 14; abstenção: 13; total: 354.,7/10/2015,71580,REQ. DE VOTAÇÃO NOMINAL DO REQ. DE PREFERÊNCIA PARA A M.P.,5690
MPV,678,2015,2,Rejeitado o Requerimento. Sim: 43; não: 210; abstenção: 5; total: 258.,8/10/2015,42720,REQUERIMENTO DE RETIRADA DE PAUTA,5691
MPV,678,2015,3,Rejeitado o destaque de preferência. Sim: 176; não: 186; abstenção: 1; total: 363.,8/10/2015,45120,DTQ 24: PSDB - PREFERÊNCIA PARA A MPV Nº 678/2015,5691
MPV,678,2015,4,Aprovados os arts. 1º; 3º; 4º (exceto o § 4º); 9º; 10; 11; 13; 14; e 15 do Projeto de Lei de Conversão nº 17 de 2015. ressalvados os destaques. Sim: 185; não: 167; abstenção: 2; total: 354.,8/10/2015,48540,ART. 1º. ART. 3º. ART 4º (EXCETO §4º). ART. 9º. ART. 10. ART. 11. ART. 13...,5691
MPV,678,2015,5,Mantido o texto destacado. Sim: 222; não: 145; abstenção: 3; total: 370.,13/10/2015,65100,DTQ 18: PSC - ART. 10 DO PLV 17/2015,5695
MPV,679,2015,1,Rejeitada a Emenda nº 15. Sim: 43; não: 339; abstenção: 1; total: 383.,17/9/2015,45300,DTQ 2: PSD - EMENDA Nº 15,5664
MPV,681,2015,1,Aprovada a Medida Provisória nº 681 de 2015. na forma do Projeto de Lei de Conversão nº 12 de 2015. ressalvados os destaques. Sim: 249; não: 200; abstenção: 4; total: 453.,15/9/2015,67800,PROJETO DE LEI DE CONVERSÃO,5660
MPV,682,2015,1,Mantido o texto. Sim: 227; não: 169; total: 396.,21/10/2015,64680,DTQ 3: PSOL - ART. 53 DA LEI Nº 12.712/2012. ALTERADO PELO ART 1º DO PLV,5703
MPV,685,2015,1,Aprovada a Medida Provisória nº 685 de 2015. na forma do Projeto de Lei de Conversão nº 22 de 2015. ressalvados os destaques. Sim: 300; não: 87; total: 387.,3/11/2015,65280,PROJETO DE LEI DE CONVERSÃO Nº 22/2015,5714
MPV,685,2015,2,Suprimidos os artigos destacados. Sim: 179; não: 239; abstenção: 1; total: 419.,3/11/2015,69120,DTQ 1: PPS - ART. 7º AO 11º DO PLV 22/2015 (ART. 161. I),5714
MPV,685,2015,3,Aprovada a Emenda Aglutinativa nº 1. Sim: 201; não: 200; abstenção: 1; total: 402.,3/11/2015,70920,EMENDA AGLUTINATIVA Nº 1,5714
MPV,685,2015,4,Rejeitada a Emenda nº 65. Sim: 200; não: 235; abstenção: 3; total: 438.,3/11/2015,74040,DTQ 5: PTB - EMENDA Nº 65 (ART. 161. II),5715
MPV,685,2015,5,Aprovado o destaque. Sim: 371; não: 6; abstenção: 1; total: 378.,17/11/2015,67020,DTQ 2: DEM - ART. 20 DO PLV  DO S.F.. PARA INCLUÍ-LO NO TEXTO DA C.D.,5730
MPV,687,2015,1,Aprovada a Medida Provisória nº 687 de 2015. na forma do Projeto de Lei de Conversão nº 20 de 2015. ressalvados os destaques. Sim: 275; não: 132; total: 407.,27/10/2015,66240,PROJETO DE LEI DE CONVERSÃO Nº 20/2015,5708
MPV,687,2015,2,Suprimido o artigo destacado. Sim: 65; não: 351; total: 416.,27/10/2015,70440,DTQ 4: PSDB - ART. 6º DO PLV Nº 20/2015,5708
MPV,688,2015,1,Rejeitado o Requerimento. Sim: 28; não: 230; abstenção: 2; total: 260.,10/11/2015,64920,REQUERIMENTO DE ADIAMENTO DA VOTAÇÃO POR 2 SESSÕES,5722
MPV,688,2015,2,Aprovado. em apreciação preliminar. o Parecer da Comissão Mista. na parte em que manifesta opinião favorável quanto ao atendimento dos pressupostos constitucionais de relevância e urgência e de sua adequação financeira e orçamentária. nos termos do artigo 8º da Resolução nº 01. de 2002-CN. Sim: 243; não: 83; abstenção: 8; total: 334.,10/11/2015,72120,PARECER DA C.M. P/ ATEND. DOS PRESSUPOSTOS CONSTITUCIONAIS,5722
MPV,688,2015,3,Aprovada a Medida Provisória nº 688 de 2015. na forma do Projeto de Lei de Conversão nº 23 de 2015. ressalvados os destaques. Sim: 251; não: 173; abstenção: 5; total: 429.,10/11/2015,74580,PROJETO DE LEI DE CONVERSÃO,5723
MPV,688,2015,4,Mantido o texto destacado. Sim: 255; não: 162; abstenção: 3; total: 420.,10/11/2015,77460,DTQ 2: PPS - ART. 1º DO PLV Nº 23/2015,5723
MPV,688,2015,5,Mantido o texto destacado. Sim: 225; não: 199; abstenção: 4; total: 428.,10/11/2015,80460,DTQ 1: PSDB - CAPÍTULO II DO PLV Nº 23/2015,5723
MPV,688,2015,6,Rejeitada a Emenda nº 1. Sim: 184; não: 233; abstenção: 4; total: 421.,10/11/2015,81300,DTQ 4: PSB - EMENDA Nº 1,5723
MPV,691,2015,1,Rejeitado o Requerimento. Sim: 9; não: 260; abstenção: 2; total: 271.,24/11/2015,66360,REQUERIMENTO DE ADIAMENTO DA VOTAÇÃO POR 2 SESSÕES,5739
MPV,691,2015,2,Rejeitado o Requerimento. Sim: 14; não: 274; abstenção: 2; total: 290.,24/11/2015,67920,REQ. DE VOTAÇÃO NOMINAL DO REQ. DE ADIAMENTO DA VOTAÇÃO,5739
MPV,691,2015,3,Rejeitado o Requerimento. Sim: 9; não: 296; abstenção: 2; total: 307.,24/11/2015,72300,REQUERIMENTO DE QUEBRA DE INTERSTÍCIO,5739
MPV,691,2015,4,Rejeitado o Requerimento. Sim: 20; não: 248; abstenção: 1; total: 269.,24/11/2015,74220,REQUERIMENTO DE VOTAÇÃO NOMINAL DO REQ. DE RETIRADA DE PAUTA,5740
MPV,691,2015,5,Mantido o texto destacado. Sim: 315; não: 10; abstenção: 5; total: 330.,24/11/2015,79860,DTQ. 2: DEM - §4º DO ART. 8º DO PLV Nº 24/2015,5740
MPV,692,2015,1,Rejeitado o Requerimento. Sim: 64; não: 205; abstenção: 2; total: 271.,3/2/2016,65760,REQ. DE VOTAÇÃO NOMINAL DO REQUERIMENTO DE RETIRADA DE PAUTA,5771
MPV,692,2015,2,Aprovada a Medida Provisória nº 692 de 2015. na forma do Projeto de Lei de Conversão nº 27 de 2015. ressalvados os destaques. Sim: 205; não: 176; abstenção: 2; total: 383.,3/2/2016,72660,PROJETO DE LEI DE CONVERSÃO Nº 27/2015,5771
MPV,692,2015,3,Rejeitado o Requerimento. Sim: 141; não: 223; abstenção: 4; total: 368.,3/2/2016,76200,DTQ2: PT - INCISOS I. II. III E IV DO ART. 21 DA LEI 8981/95. CONST. DO ART. 1º,5772
MPV,693,2015,1,Suprimido o texto. Sim: 193; não: 245; abstenção: 7; total: 445.,1/3/2016,74880,DTQ 1: PPS - ART. 2º  DO PLV Nº 2/2016,5793
MPV,694,2015,1,NA,1/3/2016,76500,REQUERIMENTO DE VOTAÇÃO NOMINAL DO REQ. DE RETIRADA DE PAUTA,5793
MPV,694,2015,2,Rejeitado o Requerimento. Sim: 159; não: 183; total: 342.,2/3/2016,64200,REQUERIMENTO DE RETIRADA DE PAUTA,5795
MPV,694,2015,3,Mantido o texto. Sim: 261; não: 184; total: 445.,2/3/2016,69720,DTQ 5: PSDB - ART. 1º DO PLV Nº 1/2016,5795
MPV,695,2015,1,"Prejudicada a verificação de votação por falta de ""quorum"" (OBSTRUÇÃO). Sim: 26; não: 200; abstenções: 4; total: 230.",3/2/2016,81180,REQUERIMENTO DE VOTAÇÃO NOMINAL DO REQ. DE RETIRADA DE PAUTA,5772
MPV,695,2015,2,Rejeitado o Requerimento. Sim: 37; não: 267; abstenção: 2; total: 306.,16/2/2016,65880,REQUERIMENTO DE VOTAÇÃO NOMIAL DO REQ. DE RETIRADA DE PAUTA,5776
MPV,695,2015,3,Rejeitado o Requerimento. Sim: 63; não: 301; abstenção: 6; total: 370.,16/2/2016,73860,REQ. DE VOTAÇÃO NOMINAL DO REQUERIMENTO DE RETIRADA DE PAUTA,5777
MPV,695,2015,4,Aprovada a Medida Provisória nº 695 de 2015. na forma do Projeto de Lei de Conversão nº 28 de 2015. ressalvados os destaques. Sim: 280; não: 157; abstenção: 1; total: 438.,16/2/2016,79500,PROJETO DE LEI DE CONVERSÃO Nº 28/2015,5777
MPV,695,2015,5,Mantido o texto. Sim: 280; não: 150; abstenção: 1; total: 431.,16/2/2016,82080,DTQ 2: PSDB - ART. 1º DO PLV Nº 28/2016,5777
MPV,695,2015,6,Mantido o texto. Sim: 246; não: 122; total: 368.,16/2/2016,84420,"DTQ 5: DEM - EXP.: ""INCLUSIVE NO RAMO DE TECNOLOGIA DA INFORMAÇÃO"".",5777
MPV,696,2015,1,Rejeitado o Requerimento. Sim: 30; não: 257; abstenção: 5; total: 292.,17/2/2016,65940,REQUERIMENTO DE VOTAÇÃO NOMINAL DO REQ. DE RETIRADA DE PAUTA,5778
MPV,696,2015,2,Suprimido o texto. Sim: 166; não: 188; abstenção: 2; total: 356.,18/2/2016,46800,"DTQ 9: BLOCO PRB - EXP.: ""DA INCORPORAÇÃO DA PERSPECTIVA DE GÊNERO""",5780
MPV,698,2015,1,Rejeitado o Requerimento. Sim: 35; não: 225; abstenção: 3; total: 263.,15/3/2016,66300,REQ. DE VOTAÇÃO NOMINAL DO REQUERIMENTO DE RETIRADA DE PAUTA,5810
MPV,698,2015,2,Rejeitado o Requerimento. Sim: 16; não: 284; abstenção: 3; total: 303.,16/3/2016,61500,REQ. DE VOTAÇÃO NOMINAL DO REQUERIMENTO DE RETIRADA DE PAUTA,5812
MPV,698,2015,3,Rejeitada a Emenda nº 7.  Sim: 160; não: 180; total: 340.,21/3/2016,79680,DTQ. 2: PPS - EMENDA Nº 7,5817
MPV,701,2015,1,"Prejudicada a verificação de votação do Projeto de Lei de Conversão de nº 7 adotado pela Comissão Mista à Medida Provisória nº 701 de 2015 por falta de ""quorum"" (Obstrução). Sim: 48; não: 3; abstenção: 14; total: 65; obstrução: 280.",26/4/2016,65160,PROJETO DE LEI DE CONVERSÃO Nº 7/2016,5858
MPV,701,2015,2,Rejeitado o Requerimento. Sim: 24; Não: 235; Abstenção: 2; Total: 261,3/5/2016,65340,REQUERIMENTO DE VOTAÇÃO NOMINAL DO REQ. DE RETIRADA DE PAUTA,5868
MPV,702,2015,1,Aprovado o Projeto de Lei de Conversão nº 6. de 2016. ressalvado o destaque. Sim: 277; não: 15; abstenção: 2; total: 294.,28/3/2016,74280,PROJETO DE LEI DE CONVERSÃO Nº 6/2016,5824
MPV,706,2015,1,Rejeitado o Destaque de preferência. Sim: 99; não: 250; total: 349.,18/5/2016,77280,DTQ 3: PDT -  PREFERÊNCIA PARA O TEXTO ORIGINAL DA MEDIDA PROVISÓRIA,5885
MPV,708,2015,1,Rejeitado o Requerimento. Sim: 11; não: 316; abstenção: 2; total: 329.,23/5/2016,75780,REQUERIMENTO DE VOTAÇÃO NOMINAL DO REQ. DE RETIRADA DE PAUTA,5888
MPV,708,2015,2,Rejeitado o Requerimento. Sim: 7; não: 263; abstenção: 1; total: 271.,23/5/2016,81120,REQ. DE DISCUSSÃO POR GRUPO DE ARTIGOS,5888
MPV,708,2015,3,Aprovado o Requerimento. Sim: 287; não: 4; abstenção: 1; total: 292.,23/5/2016,84840,REQUERIMENTO DE ENCERRAMENTO DA DISCUSSÃO E DO ENCAMINHAMENTO,5889
MPV,708,2015,4,Mantido o texto. Sim: 4; Não: 264; Abstenção: 3; Total: 271.,23/5/2016,5220,DTQ 7: PT - INCISO III DO PARÁGRAFO ÚNICO DO ART. 3º DO PLV,5889
MPV,710,2016,1,Aprovado. em apreciação preliminar. o Parecer do Relator. na parte em que manifesta opinião pelo atendimento parcial dos pressupostos constitucionais de relevância. urgência e imprevisibilidade das despesas e pela adequação financeira e orçamentária. nos termos do artigo 8º da Resolução nº 01. de 2002-CN. ressalvado o destaque. Sim: 221; não: 165;  total: 386.,29/3/2016,60240,PARECER DA C.M.O P/ ATEND. DOS PRESSUPOSTOS CONSTITUCIONAIS,5825
MPV,713,2016,1,Rejeitado o Requerimento. Sim: 65; não: 225; total: 290.,15/6/2016,57060,REQUERIMENTO DE RETIRADA DE PAUTA,5913
MPV,713,2016,2,Rejeitado o Requerimento. Sim: 8; não: 275; abstenção: 2; total: 285.,15/6/2016,61560,REQUERIMENTO DE ADIAMENTO DA DISCUSSÃO POR 2 SESSÕES,5914
MPV,713,2016,3,Aprovado o Requerimento. Sim: 283; não: 14; abstenção: 3; total: 300.,15/6/2016,69000,REQUERIMENTO DE ENCERRAMENTO DA DISCUSSÃO E DO ENCAMINHAMENTO,5914
MPV,713,2016,4,Rejeitado o Requerimento. Sim: 4; Não: 300; Abstenção: 1. Total: 305.,15/6/2016,73560,REQUERIMENTO DE VOTAÇÃO POR GRUPO DE ARTIGOS,5914
MPV,714,2016,1,Rejeitado o Requerimento. Sim: 17; não: 285; abstenção: 1; total: 303.,20/6/2016,76680,REQUERIMENTO DE VOTAÇÃO NOMINAL DO REQ. DE  RETIRADA DE PAUTA,5920
MPV,714,2016,2,Aprovada a Emenda Aglutinativa nº 1. Sim: 199; não: 71; abstenção: 1; total: 271.,21/6/2016,50100,EMENDA AGLUTINATIVA Nº 1,5921
MPV,718,2016,1,Rejeitado o Requerimento. Sim: 4; não: 337; abstenção: 1; total: 342.,5/7/2016,74040,REQUERIMENTO DE VOTAÇÃO NOMINAL DO REQ. DA RETIRADA DE PAUTA,5934
MPV,725,2016,1,Aprovado o Requerimento. Sim: 334.,29/8/2016,76140,DTQ. 1 - PT - PREFERÊNCIA PARA VOTAÇÃO DO TEXTO ORIGINAL,5979
MPV,725,2016,2,Rejeitado o Requerimento. Sim: 4; Não: 260; Abstenção: 3; Total 267.,29/8/2016,70260,REQ. DE  VOTAÇÃO NOMINAL DO  REQ. DE ADIAMENTO DA VOTAÇÃO POR 2 SESSÕES,5979
MPV,726,2016,1,"Verificação da votação preliminar do Parecer. solicitada pelos Dep. Erika Kokay. na qualidade do PT; Leonardo Quintão. na qualidade de Líder do Bloco Parlamentar PMDB. PEN; em razão do resultado proclamado pela Mesa: ""Aprovado. em apreciação preliminar.  o parecer da Comissão Mista"". passando-se à sua votação pelo processo nominal.",29/8/2016,60,PARECER DA C.M. P/ ATEND. DOS PRESSUPOSTOS CONSTITUCIONAIS...,5980
MPV,726,2016,2,Aprovado. em apreciação preliminar. o Parecer da Comissão Mista. na parte em que manifesta opinião favorável quanto ao atendimento dos pressupostos constitucionais de relevância e urgência e de sua adequação financeira e orçamentária. nos termos do artigo 8º da Resolução nº 01. de 2002-CN. Sim: 269; Não: 13; Abstenção: 1; Total: 283.,29/8/2016,60,PARECER DA C.M. P/ ATEND. DOS PRESSUPOSTOS CONSTITUCIONAIS...,5980
MPV,726,2016,3,Rejeitado o Requerimento. Sim: 13; Não: 261; Abstenção: 3; Total: 277.,29/8/2016,81960,REQUERIMENTO DE RETIRADA DE PAUTA,5980
MPV,727,2016,1,Rejeitado o Requerimento. Sim: 8; não: 248; abstenção: 1; total: 257.,30/8/2016,46200,REQUERIMENTO DE VOTAÇÃO NOMINAL DO REQUERIMENTO DE RETIRADA DE PAUTA,5981
MPV,727,2016,2,Rejeitada a Emenda nº 99. Sim: 22; não: 240; abstenção: 1; total: 263.,30/8/2016,57900,DTQ. 5: PDT - EMENDA Nº 99,5982
MPV,738,2016,1,"Matéria não apreciada por falta de ""quorum"" (obstrução). Sim: 1; Não: 34; Abstenção: 10; Total: 45.",26/10/2016,51420,REQUERIMENTO DE VOTAÇÃO NOMINAL DO REQ. DE RETIRADA DE PAUTA,6045
PEC,74,2015,1,Aprovada. em primeiro turno. a Proposta de Emenda à Constituição nº 74 de 2015 na forma do Substitutivo adotado pela Comissão Especial. Sim: 415; não: 1; abstenção: 1; total: 417.,17/11/2015,68280,SUBSTITUTIVO DA COMISSÃO ESPECIAL,5731
PEC,74,2015,2,Aprovada. em segundo turno. a Proposta de Emenda à Constituição nº 74 de 2015. ressalvado o destaque. Sim: 394; não: 4; total: 398.,15/12/2015,67920,PROPOSTA DE EMENDA À CONSTITUIÇÃO - SEGUNDO TURNO,5763
PEC,74,2015,3,Suprimida expressão. Sim: 8; não: 344; total: 352.,15/12/2015,69900,"DTQ 1: PSDB - EXPR. ""FÍSICA"". CONST. DO ART. 102 DO ADCT ALT. PELO ART. 2º",5763
MPV,742,2016,1,Aprovado. em apreciação preliminar. o Parecer da Comissão Mista. na parte em que manifesta opinião favorável quanto ao atendimento dos pressupostos constitucionais de relevância e urgência e de sua adequação financeira e orçamentária. nos termos do artigo 8º da Resolução nº 1. de 2002-CN. Sim: 232; Não: 26; Total: 258.,8/11/2016,71220,PARECER DA C.M. P/ ATEND. DOS PRESSUPOSTOS CONSTITUCIONAIS...,6051
MPV,742,2016,2,Mantido o texto. Sim: 243; Não: 50; Total: 293.,9/11/2016,69300,DTQ 1: PCdoB - ART. 2º DO PLV,6054
MPV,742,2016,3,Mantido o texto. Sim: 251; Não: 22; Abstenção: 3; Total: 276.,9/11/2016,71220,DTQ 4: PT - §5º DO ART. 38 DA LEI Nº 4.117/1965. NA REDAÇÃO DO ART. 2º DO PLV,6054
MPV,742,2016,4,Rejeitado o Requerimento. Sim: 19; Não: 239; Total: 258 .,8/11/2016,65940,REQUERIMENTO DE ADIAMENTO DA VOTAÇÃO POR 2 SESSÕES,6051
MPV,742,2016,5,Aprovada a Emenda Aglutinativa Substitutiva Global nº 1. Sim: 242; Não: 112; Abstenção: 2; Total: 356.,8/11/2016,80100,EMENDA AGLUTINATIVA Nº 1,6052
MPV,742,2016,6,Rejeitado o Requerimento. Sim: 60; Não: 232; Total: 292.,9/11/2016,66600,REQUERIMENTO DE RETIRADA DE PAUTA,6054
MPV,744,2016,1,Rejeitada a Emenda n°4. Sim: 79; não: 210; abstenção: 1; total: 290.,14/12/2016,78900,DTQ 4: PDT - EMENDA Nº 4,6095
MPV,744,2016,2,Rejeitada a Emenda n° 11. Sim: 85; não: 193; abstenção: 1; Total: 279.,14/12/2016,81900,DTQ 1: PT - EMENDA Nº 11,6095
MPV,744,2016,3,Mantido o texto. Sim: 196; não: 92; abstenção: 1; total: 289.,14/12/2016,80940,DTQ 9: PT - ART. 15 E. POR DECORRÊNCIA. ART. 16 E 17 DO PLV,6095
MPV,745,2016,1,Rejeitado o Artigo 1° da Emenda n° 20. Sim: 119; não: 188; total: 307.,7/12/2016,57840,DTQ. 4: BLOCO PP/PTB/PSC  - ART 1º EMENDA Nº 20 (161. II),6083
MPV,745,2016,2,Rejeitado o Requerimento. Sim: 10; não 252; abstenções: 2; total: 264.,7/12/2016,49140,REQUERIMENTO DE RETIRADA DE PAUTA,6083
MPV,746,2016,1,Aprovada a Medida Provisória nº 746 de 2016. na forma do Projeto de Lei de Conversão nº 34 de 2016. ressalvados os destaques. Sim: 263; não: 106; abstenções: 3; total: 372.,7/12/2016,77760,PROJETO DE LEI DE CONVERSÃO Nº 34/2016,6084
MPV,746,2016,2,Rejeitado o Requerimento. Sim: 36; não: 232; total: 268.,7/12/2016,66060,REQUERIMENTO DE VOTAÇÃO NOMINAL DO REQ. DE RETIRADA DE PAUTA,6084
MPV,746,2016,3,Mantido o texto. Sim: 229; Não: 124; Abstenção: 1; Total: 354.,13/12/2016,67560,DTQ. 4: PCdoB - §11 E SEUS INCISOS. DO ART. 36 DA LEI 9394/1996...,6091
MPV,746,2016,4,Rejeitada a Emenda. Sim: 148; Não: 208: Total: 356.,13/12/2016,69180,DTQ. 5: PSOL - EMENDA Nº 16,6091
MPV,746,2016,5,Rejeitada a Emenda nº 183. Sim: 112; Não: 230; Total: 342.,13/12/2016,74220,DTQ. 6 - PDT - EMENDA Nº 183,6091
MPV,746,2016,6,Mantido o texto. Sim: 190; Não: 86: Total: 276.,13/12/2016,73380,DTQ. 9: PT - INC. IV DO ART. 61 DA LEI 9394/96 CONST. DO ART. 6º DO PLV,6091
MPV,746,2016,7,Rejeitada a Emenda. Sim: 121; Não: 192; Abstenção: 1; Total: 314.,13/12/2016,60960,DTQ. 11 - PT- §2º DO ART. 5º DA EMENDA Nº 547 COM VISTAS ...,6091
MPV,746,2016,8,Rejeitado o Requerimento. Sim: 29; Não: 228; Total: 257.,7/12/2016,75960,REQUERIMENTO DE ADIAMENTO DA VOTAÇÃO POR 2 SESSÕES,6084
MPV,746,2016,9,Rejeitada a Emenda. Sim: 120; Não: 171; Total: 291.,13/12/2016,63120,DTQ. 23: PTN - EMENDA Nº 22,6091
MPV,746,2016,10,Aprovada a  Emenda n° 24. Sim: 324; Não: 5: Abstenção: 1; Total: 330.,13/12/2016,70260,DTQ. 26 - DEM - EMENDA Nº 24,6091
PL,7469,2014,1,Aprovado o Requerimento. Sim: 268; não: 138; abstenção: 1; total: 407. (Passou-se à apreciação do PLP nº 302/2013).,17/3/2015,65220,REQ. DE INVERSÃO DE PAUTA PARA O ITEM 2. PLP Nº 302/2013,5470
PL,7469,2014,2,Aprovado o Requerimento. Sim: 226; não: 208; abstenção: 2; total: 436.,18/3/2015,67800,REQUERIMENTO DE RETIRADA DE PAUTA,5472
MPV,747,2016,1,Mantido o texto. Sim: 274; não: 84; abstenção: 2; total: 360.,21/2/2017,77460,DTQ. 6 - PCdoB - §3º DO ART. 33 DA LEI 4117/69. CONST. DO ART. 5º DO PLV,6125
MPV,747,2016,2,Rejeitada a Emenda Aglutinativa n°1. Sim: 160; não: 184; abstenção: 2; total: 346.,21/2/2017,76500,EMENDA AGLUTINATIVA Nº 1,6125
REQ,7492,2013,1,Aprovado o Requerimento de Urgência (Art. 155 do RICD). Sim: 284 ; não: 53; abstenção:6 ; total: 344 .(Ficam prejudicados os Requerimentos de n. 10.392/2014 e 512/2015. de mesmo teor).,3/3/2015,63480,URGÊNCIA PARA APRECIAÇÃO DO PL Nº 4.372/2012,5457
PL,7699,2006,1,"Em razão do resultado proclamado pela Mesa: ""Suprimido o texto"" (em processo simbólico). foi solicitada a verificação da votação pelos Deputados Erika Kokay. na qualidade de Líder do PT; Carmen Zanotto. na qualidade de Líder do PPS; Jovair Arantes. Líder do PTB; Jean Wyllys. na qualidade de Líder do PSOL; e Sarney Filho. Líder do PV. passando-se à sua votação pelo processo nominal.",5/3/2015,67260,DVS - BLOCO PRB - INC. VI. §4º. ART 18 DA SUBEMENDA SUBST. DE PLENÁRIO,5460
PL,7699,2006,2,Mantido o inciso destacado. Sim: 188; não: 174; abstenção: 6; total: 368.,5/3/2015,67260,DVS - BLOCO PRB - INC. VI. §4º. ART 18 DA SUBEMENDA SUBST. DE PLENÁRIO,5460
PL,7735,2014,1,NA,17/12/2014,77460,REQ. DE RETIRADA DE PAUTA,5427
PL,7735,2014,2,Rejeitada a Emenda nº 193. Sim: 161; não: 241; abstenção: 1; total: 403.,10/2/2015,67200,DVS - PRB - EMENDA Nº 193,5443
PL,7735,2014,3,Rejeitada a Emenda nº 3. Sim: 135; não: 283; abstenções: 2; total: 420.,27/4/2015,77460,DVS - PDT - EMENDA Nº 3,5511
PL,7735,2014,4,Rejeitada a Emenda nº 12. Sim: 166; não: 240; abstenção: 1; total: 407.,27/4/2015,82260,DVS - PV - EMENDA Nº 12,5511
PL,789,2007,1,Aprovado o destaque de preferência. Sim: 375; não: 5; abstenção: 2; total: 382.,25/3/2015,80460,REQ. DE PREFERÊNCIA PARA VOTAÇÃO DO PL Nº 8.077/2014,5480
PL,7924,2014,1,Aprovado o Requerimento. Sim: 233; não: 149; abstenção: 01; total: 383.,10/3/2015,75480,REQUERIMENTO DE RETIRADA DE PAUTA,5464
PRC,8,2007,1,Aprovado o Requerimento que solicita preferência para apreciação do PRC nº 134 de 2016. item 2. sobre os demais itens da pauta. Sim: 297; não: 1; abstenção: 2; total: 300.,26/4/2016,70260,REQUERIMENTO DE PREFERÊNCIA PARA O PRC Nº 134/2016,5859
PRC,8,2007,2,Rejeitado o Requerimento. Sim: 43; não: 293; abstenção: 1; total: 337.,27/4/2016,77880,REQUERIMENTO DE RETIRADA DE PAUTA,5863
PRC,8,2007,3,Rejeitado o Requerimento. Sim: 57; não: 202; abstenção: 2; total: 261.,27/4/2016,79680,REQUERIMENTO DE ADIAMENTO DA DISCUSSÃO POR 2 SESSÕES,5863
PRC,8,2007,4,Rejeitado o Requerimento. Sim: 57; não: 279; abstenção: 4; total: 340.,27/4/2016,80100,REQUERIMENTO DE ADIAMENTO DA DISCUSSÃO POR 1 SESSÃO,5863
PRC,8,2007,5,Rejeitado o Requerimento. Sim: 37; não: 229; total: 266.,27/4/2016,81420,REQUERIMENTO DE DISCUSSÃO POR PARTES,5863
PRC,8,2007,6,Aprovado o Requerimento.  Sim: 248; não: 62; abstenção: 2; total: 312.,27/4/2016,83400,REQUERIMENTO DE ENCERRAMENTO DA DISCUSSÃO E DO ENCAMINHAMENTO,5863
PRC,8,2007,7,Rejeitado o Requerimento. Sim: 49; não: 267; abstenção: 4; total: 320.,27/4/2016,84420,REQUERIMENTO DE ADIAMENTO DA VOTAÇÃO POR 2 SESSÕES,5863
PRC,8,2007,8,Rejeitado o Requerimento. Sim: 74; não: 244; abstenção: 1; total: 319.,27/4/2016,84960,REQUERIMENTO DE ADIAMENTO DA VOTAÇÃO POR 1 SESSÃO,5863
PRC,8,2007,9,Rejeitado o Requerimento. Sim: 69; não: 278; abstenção: 3; total: 350.,27/4/2016,85680,REQUERIMENTO DE VOTAÇÃO POR GRUPOS DE ARTIGOS,5863
PRC,8,2007,10,Rejeitado o Requerimento. Sim: 69; não: 301; abstenção: 2; total: 373.,27/4/2016,120,REQUERIMENTO DE VOTAÇÃO ARTIGO POR ARTIGO,5863
PRC,8,2007,11,Rejeitado o Destaque de preferência. Sim: 73; não: 290; total: 365.,27/4/2016,780,DTQ 9 - PT - PREFERÊNCIA PARA A EMENDA DE PLENÁRIO Nº 3,5863
PRC,8,2007,12,Votação do Substitutivo adotado pela Mesa Diretora ao Projeto de Resolução nº 8 de 2007.,27/4/2016,1320,SUBSTITUTIVO DA MESA DIRETORA,5863
PRC,8,2007,13,Aprovado o Substitutivo adotado pela Mesa Diretora ao Projeto de Resolução nº 8 de 2007. Sim: 221; não: 167; abstenção: 1; total: 388.,27/4/2016,1320,SUBSTITUTIVO DA MESA DIRETORA,5863
PRC,8,2007,14,Mantido o texto. Sim: 267; não: 119; abstenção: 4; total: 390.,27/4/2016,2220,DTQ 3 - PSOL - ART. 3º DO SUBSTITUTIVO,5863
PRC,8,2007,15,Mantido o texto. Sim: 276; não: 107; abstenção: 4; total: 387.,27/4/2016,3300,"DTQ 13 - PT: ALÍNEA ""T"" CONTIDA NO XVII. DO ART. 32 CONTIDO NO ART. 3º DO SUBST.",5863
PRC,8,2007,16,Mantido o texto. Sim: 259; não: 122; abstenção: 5; total: 386.,27/4/2016,4620,"DTQ 11 - BLOCO PP - EXPR.: ""AO NASCITURO"". CONST. DA LETRA ""T"" DO INC. XVII DO",5863
PL,846,2015,1,Mantido o texto. Sim: 215; não: 100; abstenção: 5; total: 320.,26/3/2015,50040,DVS PPS - ART 3º DA SUBEMENDA SUBSTITUTIVA,5481
REQ,8530,2013,1,Aprovado o Requerimento de Urgência (Art. 155 do RICD). Sim: 316; não: 166; abstenção: 3; total: 485.,7/4/2015,77400,URGÊNCIA PARA APRECIAÇÃO DO PL Nº 4330/2004,5491
PL,863,2015,1,NA,24/6/2015,2460,SUBSTITUTIVO DA CFT,5581
PL,863,2015,2,Mantido o texto destacado. Sim: 226; não: 127; abstenção: 1; total: 354.,25/6/2015,45300,DTQ. 32: DEM - ART. 1º DO SUBSTITUTIVO,5582
PL,863,2015,3,Rejeitada a Emenda nº 100. Sim: 117; não: 226; abstenção: 2; total: 345.,25/6/2015,47880,DTQ. 21: PSDB - EMENDA Nº 100,5582
PL,863,2015,4,Rejeitada a Emenda nº 89. Sim: 125; não: 214; total: 339.,25/6/2015,50400,DTQ. 9: PPS - EMENDA Nº 89,5582
PL,863,2015,5,Mantida a expressão destacada. Sim: 223; não: 110; abstenção: 2; total: 335.,25/6/2015,51960,"DTQ. 5: PSB - EXP. ""DE CALL CENTER"" CONST. DO ART. 7º-A DA LEI 12.546",5582
PL,863,2015,6,Rejeitada a Emenda nº 97. Sim: 136; não: 213; total: 349.,25/6/2015,54780,DTQ 17 - PSDB - EMENDA 97,5583
PL,863,2015,7,Aprovada a Emenda Aglutinativa nº 6.  Sim: 211; não: 160; total: 371.,25/6/2015,57180,EMENDA  AGLUTINATIVA Nº 6,5583
PL,863,2015,8,Rejeitada a Emenda nº 4. Sim: 140; não: 205; abstenção: 1; total: 346.,25/6/2015,58920,DTQ 3 - SOLIDARIEDADE -  EMENDA Nº 4,5583
PL,863,2015,9,Suprimido o texto destacado. Sim: 169; não: 212; abstenção: 6; total: 387.,25/6/2015,62880,DTQ. 8 - PP -  ART. 4º DO SUBSTITUTIVO,5583
PL,863,2015,10,Mantido o texto destacado. Sim: 340; não: 33; total: 373.,25/6/2015,64620,DTQ 30: PSD -  ART. 5º DO SUBSTITUTIVO,5583
PRC,88,2015,1,Aprovada a Redação Final assinada pelo Relator. Dep. Beto Mansur (PRB-SP). Sim: 226; não: 180; abstenção: 4; total: 410.,4/5/2016,77340,PROJETO DE RESOLUÇÃO - REDAÇÃO FINAL,5872
REQ,9909,2014,1,Aprovado o Requerimento de Urgência (Art. 155 do RICD). Sim: 292; não: 26; abstenção: 3; total: 321.,26/2/2015,60600,URGÊNCIA PARA APRECIAÇÃO DO PL Nº 5201/2013,5453
